date,SBER_ey,YDEX_ey,T_ey,DOMRF_ey,OZON_ey,ROSN_ey,VTBR_ey,portfolio_ey,ofz10y,erp
2019-01,17.6815,3.0668,,,,19.0891,18.9011,12.4071,8.77,3.6371
2019-02,18.5409,3.0723,,,,19.6851,19.8857,12.9539,8.23,4.7239
2019-03,17.9684,2.9577,,,,19.0544,20.0279,12.5579,8.43,4.1279
2019-04,17.1106,2.8372,,,,18.3079,20.1097,11.9842,8.39,3.5942
2019-05,16.8066,3.0856,,,,20.7234,18.4705,11.9021,8.25,3.6521
2019-06,16.4325,2.9974,,,,21.6483,17.0,11.635,8.01,3.625
2019-07,16.7886,2.8955,,,,21.2661,15.952,11.792,7.45,4.342
2019-08,18.2074,3.0202,,,,21.424,16.2165,12.7036,7.43,5.2736
2019-09,17.9267,3.2863,,,,20.7929,14.726,12.598,7.21,5.388
2019-10,17.3788,3.499,12.716,,,20.4659,14.5568,12.4023,7.16,5.2423
2019-11,16.0209,2.8503,14.0554,,,19.6628,14.7183,11.7552,6.51,5.2452
2019-12,14.7147,2.8461,12.7112,,,19.2824,14.5355,10.8586,6.6,4.2586
2020-01,15.521,2.5104,11.9557,,,18.0268,17.382,11.0488,6.42,4.6288
2020-02,16.7741,2.712,12.2866,,,21.4722,18.6136,11.8522,6.37,5.4822
2020-03,20.9092,2.6574,20.1254,,,27.5548,24.7401,15.428,6.55,8.878
2020-04,19.8449,2.5303,17.6711,,,25.8062,23.1096,14.3859,6.89,7.4959
2020-05,17.0718,2.5187,15.1844,,,17.8077,21.4755,12.4402,6.18,6.2602
2020-06,16.8433,2.0127,13.2346,,,18.5165,22.2475,11.8515,5.67,6.1815
2020-07,15.4484,1.6763,10.1744,,,18.7707,20.1206,10.4942,6.01,4.4842
2020-08,13.4261,1.1659,10.5786,,,10.72,18.8602,9.284,6.01,3.274
2020-09,13.2479,1.1722,9.7934,,,10.4457,19.3526,9.0622,6.22,2.8422
2020-10,15.1034,1.301,10.6984,,,11.4371,20.4249,10.2127,6.39,3.8227
2020-11,14.3002,1.1617,9.1036,,-2.9895,5.6676,14.2819,8.6163,6.52,2.0963
2020-12,13.141,1.1866,9.1021,,-2.7909,5.8552,14.0237,8.0885,6.16,1.9285
2021-01,13.658,1.3448,7.1752,,-2.9086,3.4112,8.174,7.9543,6.25,1.7043
2021-02,13.0484,1.3301,5.7498,,-2.3775,3.083,8.0769,7.4547,6.58,0.8747
2021-03,12.1135,1.3175,4.9993,,-2.515,2.8178,7.0105,6.8638,7.02,-0.1562
2021-04,11.8405,1.2973,5.0848,,-2.281,3.0721,5.8033,6.7462,7.27,-0.5238
2021-05,14.09,1.1627,4.4944,,-2.8289,5.6109,9.8528,7.715,7.17,0.545
2021-06,14.2896,1.11,3.8586,,-2.5846,5.22,9.9087,7.6997,7.26,0.4397
2021-07,14.3298,1.1561,4.0525,,-2.9163,5.4759,9.9117,7.7471,7.21,0.5371
2021-08,15.5893,0.9748,4.2987,,-4.3725,11.264,15.4358,8.3771,6.97,1.4071
2021-09,14.9927,0.943,4.1845,,-4.5807,9.7835,15.7405,8.0424,7.09,0.9524
2021-10,14.3549,0.931,3.7943,,-5.2772,9.4489,15.4241,7.626,7.45,0.176
2021-11,17.3606,0.6679,4.1739,,-7.2413,14.3842,23.1381,9.0624,8.32,0.7424
2021-12,18.6329,0.7834,4.8534,,-9.3576,13.5942,22.658,9.6664,8.35,1.3164
2022-01,21.5046,0.7274,5.6937,,-16.9176,17.2864,29.6671,10.8222,8.37,2.4522
2022-02,44.1868,1.4003,10.4143,,-27.0294,32.3865,64.5861,22.459,9.42,13.039
2022-03,40.3214,1.1971,9.5858,,-19.0723,22.7964,65.5973,20.8126,,
2022-04,44.9828,1.5307,12.1973,,-26.593,24.3849,64.6343,23.0959,11.36,11.7359
2022-05,48.9753,-0.4509,12.0238,,-36.4451,27.3807,70.9354,23.9172,10.32,13.5972
2022-06,46.2762,-0.4408,14.0733,,-39.1855,28.4956,73.0499,22.8646,9.23,13.6346
2022-07,43.9255,-0.3622,13.0196,,-23.9192,29.2423,69.8858,22.4758,8.84,13.6358
2022-08,43.1566,1.385,6.9365,,-19.7798,26.794,67.1402,21.7873,8.87,12.9173
2022-09,52.5704,1.6012,7.9256,,-27.8442,37.3421,86.9944,26.3257,9.08,17.2457
2022-10,45.7211,1.4255,7.1814,,-21.8716,29.5304,77.1275,23.0729,10.5,12.5729
2022-11,42.3584,2.069,4.975,,-22.8891,24.4133,76.6722,21.1833,10.23,10.9533
2022-12,41.047,2.2725,5.3335,,-23.1667,22.4657,79.2451,20.6738,10.24,10.4338
2023-01,36.6532,1.6113,3.7468,,-16.2825,22.5125,76.6269,18.5324,10.27,8.2624
2023-02,34.1172,1.6371,4.0452,,-16.6129,21.4038,78.9081,17.3899,10.65,6.7399
2023-03,26.7487,1.7347,4.177,,-15.6334,20.1395,71.6002,13.9283,10.82,3.1083
2023-04,24.1026,1.5931,3.7713,,-16.3399,19.4798,58.4531,12.3719,10.82,1.5519
2023-05,24.5217,3.5675,5.3751,,-7.7511,19.2862,69.6745,14.0256,10.91,3.1156
2023-06,25.1931,3.3988,5.4366,,-6.915,17.9968,71.3292,14.3575,10.89,3.4675
2023-07,22.5749,3.1467,5.028,,-5.5968,17.0629,59.9176,12.9188,11.08,1.8388
2023-08,23.7595,3.3753,7.2312,,-5.8132,17.5258,61.5701,13.9159,11.21,2.7059
2023-09,24.1358,3.7782,8.1455,,-6.2388,18.1508,69.0567,14.4281,11.47,2.9581
2023-10,23.4496,3.4748,7.77,,-6.3301,16.9645,70.1069,13.9506,11.97,1.9806
2023-11,23.7297,4.3849,10.578,,-6.0488,20.88,74.2207,14.9132,12.23,2.6832
2023-12,24.315,4.3562,11.0179,,-6.0995,20.5668,78.1641,15.2929,11.88,3.4129
2024-01,25.3206,5.2759,12.7524,,-7.0174,20.7911,70.2196,16.1664,11.74,4.4264
2024-02,23.9176,4.7191,13.278,,-6.3486,20.6832,73.6669,15.5143,11.71,3.8043
2024-03,23.3948,3.9972,12.8331,,-5.3885,21.131,75.2736,15.0718,12.3,2.7718
2024-04,22.6722,3.8473,13.1618,,-4.6785,20.541,73.8561,14.7616,13.36,1.4016
2024-05,22.9173,5.0218,15.5094,,-7.6625,22.7647,81.45,15.5357,13.61,1.9257
2024-06,21.9338,4.93,14.6813,,-7.3894,22.4184,76.1522,14.8601,14.96,-0.0999
2024-07,24.8034,4.2497,16.5394,,-8.2471,24.5605,76.7571,16.3064,15.14,1.1664
2024-08,28.8997,4.8626,18.8389,,-12.9403,27.5225,84.5399,18.6367,15.42,3.2167
2024-09,27.3884,4.5689,17.2124,,-11.8142,25.8112,86.8663,17.6482,15.88,1.7682
2024-10,30.9101,4.9939,19.4014,,-14.6506,30.1695,102.7735,19.8583,15.87,3.9883
2024-11,31.0885,6.5495,16.2663,,-10.8336,22.148,114.3309,20.1311,16.84,3.2911
2024-12,26.3112,5.4442,14.1126,,-9.6292,17.4684,99.2877,17.0543,16.17,0.8843
2025-01,26.0771,6.2265,14.9748,,-8.0937,19.4157,118.8264,17.6508,15.38,2.2708
2025-02,23.6431,5.7606,13.8552,,-7.2012,18.3943,108.706,16.1105,16.6,-0.4895
2025-03,23.6363,5.6924,13.5349,,-7.5371,20.8525,121.6245,16.1969,15.55,0.6469
2025-04,23.7837,6.2053,14.3701,,-7.5853,22.5042,101.6141,16.3293,15.22,1.1093
2025-05,24.2435,5.5763,15.5662,,-7.0082,18.8866,109.8478,16.6534,15.79,0.8634
2025-06,23.7182,5.583,15.2032,,-6.5295,18.2397,97.1071,16.2186,15.41,0.8086
2025-07,24.5893,5.5643,15.7398,,-6.1997,19.2242,132.631,17.1616,14.7,2.4616
2025-08,24.2439,5.8865,17.018,,-2.8077,11.411,133.4141,17.417,14.1,3.317
2025-09,26.0666,6.4202,18.4378,,-2.9826,12.752,119.3212,18.4986,13.85,4.6486
2025-10,25.7514,6.3363,19.3032,,,13.7173,119.5668,19.8236,14.95,4.8736
2025-11,25.3012,7.2054,18.4857,,-2.0387,10.1345,111.121,18.2958,14.58,3.7158
2025-12,25.6614,6.6035,17.5648,,-1.6663,10.0354,112.0904,18.1758,14.35,3.8258
2026-01,25.8738,7.5408,19.8022,,-0.0965,6.7802,94.3158,18.7532,14.35,4.4032
2026-02,25.0532,7.4449,19.0487,,-0.0948,7.0124,84.0569,18.0977,14.63,3.4677
2026-03,25.1657,8.4272,20.4289,,-0.1019,5.7387,84.9166,18.65,14.31,4.34
2026-04,24.7258,8.7946,21.6063,,-0.1081,6.4556,40.9809,18.2305,14.47,3.7605
2026-05,25.7148,10.3039,22.5912,23.2853,1.3791,5.7677,46.5205,19.7223,14.58,5.1423
2026-06,26.7565,11.3317,24.9802,24.7609,1.6048,6.8268,49.7594,20.9783,14.93,6.0483
2026-07,29.8113,10.5476,25.497,25.2869,1.9343,6.4586,65.1443,22.4021,16.45,5.9521
2026-08,31.6594,12.3756,26.9309,28.1758,3.4867,7.1167,60.4224,24.1605,15.0,9.1605
