date,cape,excess_cape_yield_pct,z_score
1881-01,18.474,-1.0489,
1881-02,18.1473,-1.1393,
1881-03,18.2701,-1.3123,
1881-04,17.9501,-0.7504,
1881-05,18.8697,-0.8881,
1881-06,19.0287,-0.7732,
1881-07,18.1164,-0.4048,2.8772
1881-08,17.2862,0.2144,4.0464
1881-09,16.7248,0.5564,2.9275
1881-10,16.262,0.6724,2.1708
1881-11,16.4786,0.5069,1.4556
1881-12,15.9588,0.4878,1.2439
1882-01,15.6788,0.6063,1.2847
1882-02,15.1539,0.9175,1.5844
1882-03,15.0917,0.7978,1.2509
1882-04,14.917,0.7498,1.0888
1882-05,14.5671,0.9992,1.3342
1882-06,14.3274,1.2729,1.5727
1882-07,15.2406,0.9093,0.9958
1882-08,15.5254,0.8045,0.8186
1882-09,16.0811,0.2414,0.1003
1882-10,15.7556,0.4945,0.4131
1882-11,15.1927,0.3501,0.2186
1882-12,15.3821,0.3182,0.1722
1883-01,15.2703,0.3649,0.2304
1883-02,14.7576,0.4731,0.3715
1883-03,15.0513,0.2495,0.0564
1883-04,15.4821,-0.0275,-0.3323
1883-05,15.3355,0.1532,-0.0688
1883-06,15.9034,-0.076,-0.3991
1883-07,15.9488,-0.2894,-0.7046
1883-08,15.1968,0.0217,-0.2272
1883-09,15.4947,-0.2035,-0.5618
1883-10,15.0481,0.2121,0.0805
1883-11,15.4082,0.2633,0.1583
1883-12,14.8964,0.3571,0.3026
1884-01,14.4328,0.4229,0.4022
1884-02,14.806,0.2566,0.0782
1884-03,14.736,0.297,0.0876
1884-04,14.3535,0.4344,0.2906
1884-05,13.4651,0.7721,0.9843
1884-06,12.9069,1.3336,2.3476
1884-07,13.0439,1.0777,1.6512
1884-08,13.8598,0.7126,0.6341
1884-09,13.5692,0.7695,0.7486
1884-10,13.2733,0.9927,1.3126
1884-11,13.3044,0.8453,0.885
1884-12,13.4323,0.6714,0.41
1885-01,13.1298,0.8512,0.8522
1885-02,13.3848,0.8293,0.7723
1885-03,13.7342,0.4293,-0.228
1885-04,13.5485,0.5738,0.1641
1885-05,13.7114,0.5145,0.0258
1885-06,13.9788,0.3211,-0.4442
1885-07,14.3267,0.2757,-0.5251
1885-08,15.1304,-0.1648,-1.7342
1885-09,15.1163,-0.1797,-1.6597
1885-10,15.991,-0.5291,-2.5096
1885-11,16.824,-0.6273,-2.4954
1885-12,16.3045,-0.1133,-1.068
1886-01,16.6923,-0.3869,-1.6427
1886-02,17.0066,-0.5101,-1.8092
1886-03,16.8433,-0.5816,-1.8301
1886-04,16.8017,-0.6116,-1.7663
1886-05,16.8632,-0.5358,-1.5251
1886-06,17.8315,-0.7215,-1.7923
1886-07,17.8458,-0.6163,-1.5032
1886-08,17.7239,-0.5608,-1.3601
1886-09,18.1471,-0.7953,-1.7067
1886-10,18.5624,-1.1092,-2.1504
1886-11,18.9683,-1.3247,-2.3103
1886-12,18.1941,-1.167,-1.8633
1887-01,17.5122,-0.902,-1.3507
1887-02,17.1254,-0.414,-0.5952
1887-03,17.4732,-0.0974,-0.1292
1887-04,17.823,-0.4921,-0.6621
1887-05,18.0754,-0.7584,-0.9961
1887-06,17.7077,-0.2346,-0.2111
1887-07,17.4315,-0.3661,-0.3542
1887-08,16.7398,0.3478,0.7985
1887-09,16.6766,0.3362,0.8102
1887-10,15.8807,0.7417,1.5026
1887-11,15.9507,1.0122,1.9893
1887-12,15.4555,1.4297,2.632
1888-01,15.3587,1.872,3.1101
1888-02,15.4182,1.8546,2.7759
1888-03,14.809,2.3485,3.1757
1888-04,15.0201,2.2633,2.6681
1888-05,15.3879,2.332,2.4791
1888-06,15.0776,2.5899,2.5061
1888-07,15.2796,2.5259,2.2031
1888-08,15.6029,2.2975,1.8232
1888-09,15.9878,2.1615,1.5815
1888-10,15.7159,2.5157,1.7633
1888-11,15.2237,2.9678,1.9869
1888-12,14.9467,3.3378,2.1046
1889-01,15.8023,2.5279,1.3627
1889-02,16.1927,2.1448,1.0206
1889-03,16.065,2.1895,0.9964
1889-04,16.0501,2.3129,1.0268
1889-05,16.9154,1.7512,0.5881
1889-06,17.2193,1.7655,0.5597
1889-07,16.8892,1.7654,0.52
1889-08,17.1319,1.684,0.4235
1889-09,17.3508,1.396,0.1777
1889-10,17.0532,0.9591,-0.1878
1889-11,16.906,0.5033,-0.5954
1889-12,16.6103,0.439,-0.7239
1890-01,17.2201,-0.2956,-1.4405
1890-02,17.0268,-0.2463,-1.4491
1890-03,16.9011,-0.3114,-1.5209
1890-04,17.2579,-0.0757,-1.2946
1890-05,17.7864,0.1489,-1.1224
1890-06,17.6844,0.3649,-0.9852
1890-07,17.5893,0.3788,-1.008
1890-08,16.5968,1.06,-0.3872
1890-09,16.1697,1.218,-0.255
1890-10,15.4828,1.4757,-0.0227
1890-11,14.745,1.4479,-0.0722
1890-12,14.443,1.4744,-0.0578
1891-01,15.429,0.9949,-0.552
1891-02,15.4765,0.997,-0.5236
1891-03,15.0516,1.2987,-0.1894
1891-04,15.4089,1.1649,-0.2998
1891-05,15.5665,1.0823,-0.357
1891-06,15.6582,0.8098,-0.6124
1891-07,15.6179,0.6104,-0.7856
1891-08,16.164,0.2041,-1.1847
1891-09,17.7113,-0.8267,-2.2481
1891-10,17.7166,-0.917,-2.1481
1891-11,17.6717,-0.9328,-2.0043
1891-12,18.2063,-1.0973,-2.0659
1892-01,19.0164,-1.5781,-2.5055
1892-02,19.0364,-1.6861,-2.4144
1892-03,19.7381,-2.1394,-2.6463
1892-04,19.9433,-2.4221,-2.6545
1892-05,19.9115,-2.5144,-2.4934
1892-06,19.7693,-2.5777,-2.3103
1892-07,19.2119,-2.0998,-1.7377
1892-08,19.2043,-2.0715,-1.6074
1892-09,18.6943,-1.6775,-1.21
1892-10,19.0402,-1.6972,-1.1598
1892-11,18.4633,-1.206,-0.7206
1892-12,18.013,-0.8687,-0.4256
1893-01,17.6566,-0.4102,-0.048
1893-02,17.1252,-0.2058,0.1109
1893-03,16.8996,-0.2665,0.0636
1893-04,17.1025,-0.3589,-0.0081
1893-05,15.781,0.108,0.3554
1893-06,15.4165,0.3034,0.506
1893-07,14.3499,0.7334,0.8373
1893-08,14.5881,0.232,0.4431
1893-09,15.0121,0.5344,0.7007
1893-10,15.2718,0.553,0.7404
1893-11,15.9424,0.1258,0.4354
1893-12,15.6127,0.0307,0.4003
1894-01,15.7399,-0.2831,0.1801
1894-02,16.2027,-0.5803,-0.0448
1894-03,17.1876,-1.1905,-0.5552
1894-04,17.4348,-1.0515,-0.3824
1894-05,16.8088,-0.6115,0.0897
1894-06,16.6063,-0.519,0.2358
1894-07,16.2897,-0.277,0.5389
1894-08,16.4578,-0.0417,0.8357
1894-09,16.5223,0.1977,1.1107
1894-10,16.5029,0.0577,0.9117
1894-11,16.5428,0.2825,1.1121
1894-12,16.6725,0.2266,1.0008
1895-01,16.5244,0.3003,1.0281
1895-02,16.3312,0.2486,0.9191
1895-03,16.3646,0.4491,1.0773
1895-04,16.3875,0.7326,1.328
1895-05,17.0804,0.8376,1.3994
1895-06,17.2074,1.1519,1.737
1895-07,17.546,0.7755,1.2549
1895-08,18.0741,0.4614,0.8127
1895-09,18.2003,0.5294,0.889
1895-10,17.9447,0.596,0.965
1895-11,17.343,0.6597,1.0633
1895-12,16.5484,0.5561,0.8407
1896-01,16.5762,0.626,0.9303
1896-02,17.5154,0.1781,0.0257
1896-03,17.2324,0.406,0.443
1896-04,17.6437,0.263,0.1338
1896-05,17.8283,0.318,0.2102
1896-06,17.7776,0.3265,0.2155
1896-07,16.6371,0.6053,0.7624
1896-08,15.7034,0.8576,1.2736
1896-09,16.5443,0.5506,0.6181
1896-10,16.4389,0.8989,1.2914
1896-11,17.0894,0.9693,1.3848
1896-12,16.5014,1.0736,1.5017
1897-01,17.0265,0.3823,0.1598
1897-02,16.894,0.3167,0.0079
1897-03,16.958,0.2985,-0.0742
1897-04,16.6969,0.2501,-0.2824
1897-05,17.0478,-0.0157,-1.1135
1897-06,17.8505,-0.1599,-1.6715
1897-07,18.652,-0.2794,-2.1769
1897-08,19.0064,-0.0573,-1.5052
1897-09,19.3724,0.2458,-0.5876
1897-10,19.028,0.0862,-1.0754
1897-11,18.3584,0.1659,-0.8393
1897-12,18.7488,-0.1712,-1.8387
1898-01,19.249,-0.4174,-2.4489
1898-02,18.9181,-0.055,-1.2466
1898-03,18.0422,0.2225,-0.4694
1898-04,17.7051,0.4622,0.1793
1898-05,17.5956,1.3036,2.4401
1898-06,19.5448,0.2033,-0.4923
1898-07,19.8589,-0.1123,-1.2817
1898-08,20.5449,-0.2596,-1.5975
1898-09,20.4427,-0.2145,-1.3816
1898-10,19.9472,-0.1867,-1.2323
1898-11,20.5274,-0.4208,-1.7398
1898-12,21.4036,-0.4605,-1.717
1899-01,22.9328,-0.4067,-1.4748
1899-02,23.0481,-0.041,-0.5493
1899-03,23.2797,0.0314,-0.3682
1899-04,23.1524,0.1854,0.0064
1899-05,22.0913,0.6334,1.0343
1899-06,21.2121,0.9502,1.7149
1899-07,21.5614,1.0013,1.7255
1899-08,21.7262,1.0921,1.8431
1899-09,20.5911,1.599,2.8364
1899-10,20.1537,1.8244,2.9499
1899-11,20.1965,1.9325,2.8359
1899-12,18.5126,2.3772,3.2672
1900-01,18.6743,2.5738,3.1454
1900-02,18.7038,2.6898,2.863
1900-03,18.7758,2.6734,2.4982
1900-04,18.9364,2.6324,2.2006
1900-05,18.4032,2.4233,1.8007
1900-06,17.9927,2.4286,1.6771
1900-07,17.6895,2.6508,1.7712
1900-08,18.0696,2.0503,1.108
1900-09,17.3419,2.291,1.2637
1900-10,18.1024,1.9308,0.8758
1900-11,19.4196,1.7975,0.7119
1900-12,20.7441,1.349,0.2777
1901-01,20.9786,1.5441,0.4188
1901-02,21.6791,1.1386,0.0075
1901-03,22.3476,0.8747,-0.2693
1901-04,24.4097,0.2474,-0.8797
1901-05,23.064,0.5973,-0.5423
1901-06,25.2385,0.4568,-0.6531
1901-07,23.1448,1.0565,-0.1002
1901-08,23.0772,1.1866,-0.0086
1901-09,22.5905,1.5205,0.2808
1901-10,22.2529,1.581,0.3016
1901-11,22.3751,1.7977,0.4871
1901-12,21.6802,2.0547,0.7259
1902-01,22.3403,2.0494,0.6806
1902-02,22.46,2.0155,0.6007
1902-03,22.4107,2.2808,0.907
1902-04,22.8231,2.4471,1.0998
1902-05,22.428,2.6342,1.3321
1902-06,21.9637,2.8371,1.5657
1902-07,22.3857,2.4709,0.9408
1902-08,23.1687,2.0595,0.2866
1902-09,22.8566,2.2266,0.501
1902-10,20.6044,3.3791,2.194
1902-11,20.4085,2.8189,1.2176
1902-12,19.6332,2.9882,1.3931
1903-01,20.3181,2.5462,0.7447
1903-02,20.1071,2.4687,0.6419
1903-03,19.8846,2.4211,0.5899
1903-04,18.98,2.7761,1.089
1903-05,18.9549,2.6682,0.9311
1903-06,17.8186,3.2516,1.7031
1903-07,16.9182,3.8046,2.3385
1903-08,16.2991,4.4293,2.9264
1903-09,15.6544,4.3823,2.5121
1903-10,15.2529,4.2927,2.1713
1903-11,15.4079,4.3664,2.0551
1903-12,16.0429,4.2371,1.769
1904-01,15.8618,4.8149,2.1607
1904-02,15.0215,5.5357,2.5857
1904-03,15.0819,5.6793,2.4392
1904-04,15.5655,5.3496,1.9739
1904-05,15.5258,5.1216,1.6957
1904-06,15.4744,5.1363,1.6211
1904-07,16.0364,4.9032,1.3734
1904-08,16.3047,4.6217,1.0869
1904-09,16.7426,4.4299,0.8814
1904-10,17.6332,4.4091,0.8169
1904-11,18.0762,4.4959,0.8443
1904-12,18.1597,4.6113,0.8967
1905-01,18.4599,4.5151,0.764
1905-02,19.169,4.3188,0.5446
1905-03,19.8315,4.033,0.2406
1905-04,19.4829,3.6922,-0.1192
1905-05,18.6295,3.6745,-0.1725
1905-06,18.7359,3.5098,-0.3661
1905-07,19.2059,3.5217,-0.3777
1905-08,19.5733,3.6852,-0.2508
1905-09,19.7435,3.5287,-0.4823
1905-10,19.8974,3.4937,-0.5875
1905-11,19.4435,3.7318,-0.3218
1905-12,19.578,3.9589,-0.0948
1906-01,20.1324,3.9676,-0.1187
1906-02,19.8668,4.1615,0.0687
1906-03,19.2595,4.3002,0.1956
1906-04,18.8762,4.5355,0.4777
1906-05,18.054,5.0241,1.1871
1906-06,18.1727,5.1229,1.3337
1906-07,18.1952,4.747,0.6375
1906-08,18.9673,4.7372,0.5811
1906-09,19.201,4.7682,0.6169
1906-10,18.0954,4.9853,0.9642
1906-11,18.1419,4.7639,0.5491
1906-12,17.66,5.0044,0.9308
1907-01,17.2189,5.318,1.406
1907-02,16.2171,5.8799,2.2631
1907-03,14.6875,6.396,2.9934
1907-04,14.6697,6.5408,2.973
1907-05,13.7901,7.333,3.7276
1907-06,13.1443,7.7802,3.6351
1907-07,13.585,7.5167,2.7967
1907-08,12.5135,7.6694,2.6134
1907-09,12.3286,7.4774,2.1743
1907-10,10.8318,8.834,3.04
1907-11,10.5912,8.597,2.4757
1907-12,11.3333,7.7409,1.6709
1908-01,11.903,7.1896,1.2155
1908-02,11.5548,7.1932,1.1523
1908-03,11.9847,6.8919,0.9071
1908-04,12.4489,6.7032,0.7435
1908-05,13.0785,5.6304,0.0411
1908-06,13.0517,6.3505,0.4588
1908-07,13.3455,6.4488,0.4818
1908-08,13.8842,6.1672,0.2559
1908-09,13.7014,6.2725,0.2874
1908-10,13.6908,6.3984,0.3326
1908-11,14.435,6.1411,0.1002
1908-12,14.5825,6.0432,-0.021
1909-01,14.7644,5.8589,-0.213
1909-02,14.1672,5.9553,-0.1861
1909-03,14.3361,5.8596,-0.3186
1909-04,14.6452,5.7741,-0.4462
1909-05,14.9535,5.7262,-0.5365
1909-06,15.0404,5.6415,-0.6426
1909-07,15.2315,5.4095,-0.8839
1909-08,15.4176,5.2867,-1.0397
1909-09,15.2544,5.0537,-1.3055
1909-10,14.9888,5.231,-1.1515
1909-11,14.7456,5.3019,-1.0972
1909-12,14.7506,5.261,-1.1781
1910-01,14.5479,5.245,-1.2136
1910-02,14.002,5.3847,-1.0637
1910-03,14.05,5.5492,-0.8691
1910-04,13.5599,5.8968,-0.4839
1910-05,13.5688,5.9398,-0.421
1910-06,13.0197,6.2725,-0.0458
1910-07,12.3426,6.5622,0.3037
1910-08,12.7451,6.3272,0.085
1910-09,12.9372,5.9795,-0.2604
1910-10,13.9189,5.249,-1.0639
1910-11,14.1645,4.9105,-1.5419
1910-12,13.7415,5.2486,-1.1162
1911-01,14.0492,4.9568,-1.621
1911-02,14.7215,4.436,-2.5068
1911-03,14.3706,4.707,-1.8923
1911-04,14.7529,4.3259,-2.5024
1911-05,15.0477,4.1907,-2.5452
1911-06,15.3284,4.0665,-2.4851
1911-07,15.0831,4.152,-2.1203
1911-08,13.8998,4.9104,-0.8307
1911-09,12.998,5.3876,-0.0657
1911-10,13.0665,5.3447,-0.0954
1911-11,13.728,4.7451,-1.0086
1911-12,13.9293,4.4098,-1.4941
1912-01,13.795,4.7048,-0.9369
1912-02,13.5316,4.9143,-0.5525
1912-03,13.6398,5.0266,-0.3322
1912-04,13.6544,5.1642,-0.0736
1912-05,13.6455,5.0117,-0.2992
1912-06,13.7854,4.6814,-0.8222
1912-07,13.8029,4.6356,-0.8544
1912-08,13.9848,4.7239,-0.666
1912-09,13.9263,4.6975,-0.6806
1912-10,13.9051,3.9874,-1.8288
1912-11,13.7495,4.368,-1.0981
1912-12,13.389,4.315,-1.1252
1913-01,13.1481,4.4021,-0.9348
1913-02,12.683,4.7052,-0.4302
1913-03,12.4435,5.221,0.3828
1913-04,12.4331,5.2519,0.4477
1913-05,12.2214,5.5449,0.9507
1913-06,11.492,6.1928,2.0361
1913-07,11.534,6.2886,2.2111
1913-08,11.8468,6.0839,1.9501
1913-09,11.8433,6.0951,2.0307
1913-10,11.4715,6.5109,2.7119
1913-11,11.0725,7.0702,3.3017
1913-12,11.174,6.9106,2.6015
1914-01,11.6361,6.3422,1.6183
1914-02,11.9102,5.8042,0.8615
1914-03,11.6855,6.0738,1.1437
1914-04,11.5227,6.2011,1.2363
1914-05,11.479,6.5678,1.6073
1914-06,11.4287,6.5994,1.5486
1914-07,10.6943,7.2962,2.2892
1914-08,10.492,7.5527,2.3979
1914-09,10.5005,7.4202,2.024
1914-10,10.6128,7.2123,1.6536
1914-11,10.5169,7.1603,1.4958
1914-12,10.1722,7.3755,1.6112
1915-01,10.3598,7.1908,1.3391
1915-02,10.3298,7.1335,1.2092
1915-03,10.707,6.8209,0.85
1915-04,11.4011,6.3703,0.3824
1915-05,11.0269,6.9017,0.8534
1915-06,11.1543,6.814,0.7236
1915-07,11.1136,6.8626,0.7263
1915-08,11.5848,6.3959,0.2235
1915-09,12.0116,6.2216,0.0067
1915-10,12.5491,5.9814,-0.2891
1915-11,12.8577,5.7889,-0.5983
1915-12,12.8784,5.677,-0.8264
1916-01,12.5436,5.9987,-0.5213
1916-02,12.3547,6.1056,-0.4869
1916-03,12.1771,6.3064,-0.2728
1916-04,11.9065,6.5749,0.1242
1916-05,12.0263,6.458,-0.1537
1916-06,11.996,6.5591,-0.0126
1916-07,11.7912,7.0365,0.914
1916-08,11.7321,6.9255,0.6487
1916-09,11.9446,6.8308,0.4198
1916-10,12.0457,6.7031,0.1268
1916-11,12.0532,6.7522,0.2151
1916-12,11.4136,7.1812,1.1102
1917-01,10.9924,7.7,2.1261
1917-02,10.0632,8.5532,3.5775
1917-03,10.3272,8.3798,2.7662
1917-04,9.6445,9.5405,4.3005
1917-05,9.139,10.0308,4.0722
1917-06,9.1482,10.0447,3.3049
1917-07,9.0035,10.0318,2.8089
1917-08,8.5727,10.7219,3.0861
1917-09,7.9508,11.8423,3.5573
1917-10,7.3871,12.8221,3.6465
1917-11,6.753,14.4982,4.0056
1917-12,6.4126,15.634,3.7982
1918-01,6.6406,15.4115,3.0395
1918-02,6.7843,15.2892,2.5955
1918-03,6.6864,15.4363,2.3667
1918-04,6.5207,15.8549,2.2726
1918-05,6.5824,15.937,2.0916
1918-06,6.4963,16.2885,2.0178
1918-07,6.3713,16.7642,1.9862
1918-08,6.3031,17.1479,1.9306
1918-09,6.1492,17.7552,1.938
1918-10,6.2905,17.4818,1.7275
1918-11,6.3333,17.4638,1.6093
1918-12,6.1346,17.9983,1.6356
1919-01,6.0985,18.2131,1.586
1919-02,6.2397,17.4957,1.328
1919-03,6.3561,17.2932,1.2103
1919-04,6.4561,16.9815,1.0754
1919-05,6.829,16.1141,0.8183
1919-06,7.0216,15.5655,0.6423
1919-07,7.0528,15.7729,0.6499
1919-08,6.4791,17.0641,0.9298
1919-09,6.5585,16.7923,0.813
1919-10,6.7947,16.1923,0.61
1919-11,6.467,17.0286,0.8026
1919-12,6.1607,17.8841,1.0195
1920-01,5.9897,18.6342,1.2224
1920-02,5.4553,20.3697,1.768
1920-03,5.7988,19.1794,1.2991
1920-04,5.5999,20.0027,1.5786
1920-05,5.189,21.7667,2.2095
1920-06,5.0436,22.5706,2.4191
1920-07,5.0806,22.3647,2.2247
1920-08,5.0207,22.4316,2.189
1920-09,5.2972,21.327,1.665
1920-10,5.3512,21.3938,1.6493
1920-11,5.1264,22.3689,2.0216
1920-12,4.7842,23.534,2.3902
1921-01,5.1222,21.9208,1.5062
1921-02,5.2749,21.4143,1.212
1921-03,5.1923,21.6092,1.228
1921-04,5.2971,21.5209,1.1272
1921-05,5.6095,20.2953,0.5616
1921-06,5.2161,21.6448,1.0884
1921-07,5.1978,21.7231,1.0634
1921-08,5.1613,21.5852,0.9476
1921-09,5.3775,20.6401,0.4967
1921-10,5.4793,20.3607,0.3462
1921-11,5.8382,19.3538,-0.1165
1921-12,6.1142,18.6968,-0.4259
1922-01,6.2871,17.952,-0.7614
1922-02,6.4613,17.408,-0.9933
1922-03,6.8214,16.2433,-1.4976
1922-04,7.2733,15.0119,-1.9888
1922-05,7.5935,14.4271,-2.1391
1922-06,7.558,14.588,-1.9859
1922-07,7.6021,14.5693,-1.9452
1922-08,8.02,13.6482,-2.2437
1922-09,8.2651,13.1706,-2.2646
1922-10,8.4322,12.9892,-2.1713
1922-11,7.9983,13.6906,-1.8125
1922-12,7.9647,13.9041,-1.6504
1923-01,8.1542,13.4415,-1.703
1923-02,8.5334,12.9216,-1.7507
1923-03,8.7007,12.7211,-1.686
1923-04,8.3728,13.2589,-1.4291
1923-05,8.0005,13.9481,-1.1609
1923-06,7.6718,14.4625,-0.9605
1923-07,7.346,15.082,-0.7424
1923-08,7.4418,14.8702,-0.7558
1923-09,7.4582,14.8211,-0.7246
1923-10,7.3174,15.1653,-0.5851
1923-11,7.5463,14.6706,-0.6855
1923-12,7.8097,14.3537,-0.7347
1924-01,8.0722,13.9623,-0.8146
1924-02,8.1621,13.8876,-0.7938
1924-03,8.0581,14.0008,-0.7124
1924-04,7.9236,14.2733,-0.5774
1924-05,7.8997,14.221,-0.5534
1924-06,8.0517,13.9987,-0.593
1924-07,8.3777,13.4879,-0.7563
1924-08,8.7174,12.7689,-1.0433
1924-09,8.5817,13.0288,-0.9199
1924-10,8.4195,13.4352,-0.6933
1924-11,8.8883,12.7215,-1.1391
1924-12,9.3106,12.3929,-1.4132
1925-01,9.6926,11.9863,-1.8194
1925-02,9.8308,11.9001,-1.972
1925-03,9.5185,12.4163,-1.5008
1925-04,9.4766,12.3103,-1.6093
1925-05,9.729,12.0077,-1.8625
1925-06,9.7964,12.0734,-1.6557
1925-07,9.964,12.0368,-1.5903
1925-08,10.1109,11.906,-1.6319
1925-09,10.3592,11.6839,-1.7556
1925-10,10.7185,11.2712,-2.0534
1925-11,10.8863,11.2169,-1.954
1925-12,11.1474,10.9579,-2.0341
1926-01,11.341,10.7177,-2.0742
1926-02,11.3894,10.7085,-1.9119
1926-03,10.7124,11.1317,-1.4515
1926-04,10.3956,11.4036,-1.1761
1926-05,10.5752,11.1107,-1.3331
1926-06,11.198,10.4561,-1.7303
1926-07,11.8697,9.8597,-2.0425
1926-08,12.4888,9.3137,-2.2956
1926-09,12.6926,9.083,-2.2776
1926-10,12.4265,9.1529,-2.0615
1926-11,12.6153,8.9367,-2.089
1926-12,13.0091,8.6348,-2.1498
1927-01,13.1859,8.3521,-2.1761
1927-02,13.634,7.781,-2.3586
1927-03,14.0333,7.5133,-2.3156
1927-04,14.4882,6.7855,-2.5411
1927-05,15.0023,6.4468,-2.5088
1927-06,15.1203,6.3536,-2.3495
1927-07,15.8208,6.0442,-2.3238
1927-08,16.8629,5.4352,-2.4291
1927-09,17.8187,4.943,-2.4289
1927-10,17.5372,4.9399,-2.2112
1927-11,18.1313,4.6948,-2.1481
1927-12,18.6466,4.3926,-2.1029
1928-01,18.8061,4.1265,-2.0431
1928-02,18.8689,3.895,-1.9723
1928-03,19.9434,3.6595,-1.9113
1928-04,21.2579,3.1824,-1.951
1928-05,21.8327,2.8825,-1.92
1928-06,20.9134,2.8629,-1.7937
1928-07,21.0819,2.53,-1.7913
1928-08,21.7621,2.1602,-1.8018
1928-09,23.0046,1.8121,-1.8034
1928-10,23.5783,1.4345,-1.8127
1928-11,25.122,0.9645,-1.8456
1928-12,25.3016,0.7326,-1.7999
1929-01,27.0832,0.4501,-1.7737
1929-02,27.1317,0.6537,-1.6022
1929-03,27.6757,0.4249,-1.5817
1929-04,27.5685,0.224,-1.5636
1929-05,27.6986,0.1726,-1.5109
1929-06,27.9355,0.2266,-1.431
1929-07,29.9333,-0.1619,-1.495
1929-08,31.4803,-0.4709,-1.5278
1929-09,32.5638,-0.607,-1.4993
1929-10,28.9611,-0.3656,-1.3483
1929-11,21.171,0.7134,-0.922
1929-12,22.0074,0.29,-1.0334
1930-01,22.3107,-0.0108,-1.1064
1930-02,23.6971,-0.4369,-1.2357
1930-03,24.5866,-0.7524,-1.3222
1930-04,25.8434,-1.1915,-1.4676
1930-05,24.3098,-1.1534,-1.3948
1930-06,21.8669,-0.8977,-1.2269
1930-07,21.5488,-0.9046,-1.1901
1930-08,21.3006,-0.6757,-1.0391
1930-09,21.0726,-0.4239,-0.8686
1930-10,18.2149,0.3064,-0.4298
1930-11,16.9397,0.7053,-0.1513
1930-12,16.055,1.0455,0.1198
1931-01,16.7055,0.8806,0.0806
1931-02,18.1615,0.5634,-0.0786
1931-03,18.5796,0.402,-0.1407
1931-04,16.8723,0.9631,0.4161
1931-05,15.4015,1.593,1.1101
1931-06,15.0625,1.637,1.2634
1931-07,15.5168,1.3585,1.0897
1931-08,15.0063,1.5494,1.4235
1931-09,12.8177,2.7053,2.8897
1931-10,11.1459,3.7814,3.8932
1931-11,11.4156,3.4645,2.955
1931-12,9.306,5.4115,4.2957
1932-01,9.3124,5.4017,3.4101
1932-02,9.3369,5.2659,2.8065
1932-03,9.4131,5.2571,2.4719
1932-04,7.1922,8.4979,3.9133
1932-05,6.3909,10.13,3.9165
1932-06,5.5651,12.411,4.0475
1932-07,5.8388,11.541,3.0065
1932-08,8.8347,5.809,1.018
1932-09,9.7612,4.6926,0.6536
1932-10,8.4786,6.1412,1.0195
1932-11,8.4633,6.0613,0.9427
1932-12,8.2571,6.2551,0.9483
1933-01,8.728,5.5404,0.7021
1933-02,7.8261,6.7247,0.9883
1933-03,7.8747,6.5848,0.8962
1933-04,8.7231,5.3078,0.4917
1933-05,11.2497,2.749,-0.2763
1933-06,13.0989,1.5294,-0.6718
1933-07,13.7543,1.3692,-0.7539
1933-08,12.9995,1.938,-0.6159
1933-09,12.9229,1.9427,-0.6516
1933-10,11.6963,2.7136,-0.4411
1933-11,12.0118,2.5049,-0.5386
1933-12,12.2818,2.3377,-0.6175
1934-01,13.0251,1.8888,-0.7848
1934-02,13.9269,1.5492,-0.9152
1934-03,13.2545,1.9978,-0.7818
1934-04,13.5184,1.9352,-0.8313
1934-05,12.1816,2.7745,-0.5569
1934-06,12.2877,2.8042,-0.5629
1934-07,11.7415,3.153,-0.456
1934-08,11.315,3.5588,-0.3348
1934-09,10.91,4.0019,-0.1987
1934-10,11.1084,3.7366,-0.3101
1934-11,11.4488,3.4964,-0.3975
1934-12,11.6393,3.2519,-0.4874
1935-01,11.4959,3.5311,-0.3626
1935-02,11.0878,3.9911,-0.1756
1935-03,10.3983,4.5442,0.0394
1935-04,11.1042,4.0723,-0.126
1935-05,11.9856,3.365,-0.3512
1935-06,12.5395,2.8248,-0.5215
1935-07,13.2021,2.3254,-0.7485
1935-08,14.1051,1.8522,-1.1079
1935-09,14.4189,1.7095,-1.1445
1935-10,14.8262,1.5306,-1.1972
1935-11,16.1296,0.9044,-1.5606
1935-12,16.1592,0.959,-1.4566
1936-01,17.0874,0.6345,-1.6389
1936-02,18.1045,0.3032,-1.7978
1936-03,18.6605,0.1199,-1.9401
1936-04,18.719,0.0461,-2.0342
1936-05,17.7502,0.3897,-1.6717
1936-06,18.393,0.3161,-1.6221
1936-07,19.3605,0.2234,-1.6218
1936-08,19.6231,0.2779,-1.5083
1936-09,19.862,0.158,-1.5207
1936-10,20.9131,-0.1532,-1.669
1936-11,21.4998,-0.3416,-1.6925
1936-12,21.1257,-0.2617,-1.5241
1937-01,21.6187,-0.1915,-1.3848
1937-02,22.2442,-0.2554,-1.3544
1937-03,22.0422,-0.0785,-1.1774
1937-04,20.5566,0.3282,-0.8654
1937-05,19.4742,0.6204,-0.6479
1937-06,18.7117,0.7276,-0.545
1937-07,19.6467,0.7198,-0.5162
1937-08,19.807,0.7456,-0.4631
1937-09,16.8479,1.6529,0.163
1937-10,14.3617,2.6338,0.8743
1937-11,13.1581,3.2698,1.3588
1937-12,13.0085,3.2992,1.3923
1938-01,13.5115,2.8858,1.1023
1938-02,13.2631,3.0858,1.2751
1938-03,12.3773,3.6421,1.7363
1938-04,11.7895,4.1309,2.1951
1938-05,11.9923,3.8776,1.9967
1938-06,12.289,3.7502,1.8542
1938-07,14.7703,2.3998,0.8118
1938-08,14.9036,2.3559,0.7777
1938-09,14.2823,2.5504,0.9023
1938-10,16.0611,1.7787,0.3302
1938-11,16.1496,1.7613,0.3126
1938-12,15.7565,1.9896,0.4573
1939-01,15.5996,2.0701,0.4932
1939-02,15.6647,1.9857,0.4057
1939-03,15.7292,2.0295,0.4064
1939-04,13.917,2.8569,0.9684
1939-05,14.5029,2.5213,0.6733
1939-06,14.8338,2.3226,0.4894
1939-07,15.271,2.0284,0.2377
1939-08,15.1201,2.1062,0.2623
1939-09,16.4528,1.7934,-0.0092
1939-10,16.8212,1.6031,-0.1926
1939-11,16.5992,1.6951,-0.1647
1939-12,16.2804,1.8824,-0.0625
1940-01,16.3785,1.845,-0.1521
1940-02,16.2161,2.0555,-0.016
1940-03,16.1729,2.1516,0.0151
1940-04,16.371,2.0405,-0.1735
1940-05,14.1387,3.0845,0.9798
1940-06,12.8438,3.9474,1.9899
1940-07,13.3699,3.7105,1.5967
1940-08,13.6494,3.6384,1.4492
1940-09,14.2148,3.3092,0.9762
1940-10,14.3283,3.3346,0.9575
1940-11,14.6367,3.269,0.8343
1940-12,13.9084,3.9005,1.6628
1941-01,13.9042,4.0478,1.7856
1941-02,13.0029,4.629,2.3879
1941-03,12.9557,4.7477,2.3147
1941-04,12.4294,5.1654,2.6091
1941-05,12.0372,5.5832,2.855
1941-06,12.1643,5.7902,2.767
1941-07,12.745,5.3731,2.1309
1941-08,12.4632,5.6429,2.1689
1941-09,12.2797,5.92,2.1936
1941-10,11.5778,6.57,2.4717
1941-11,10.9117,7.2558,2.6982
1941-12,10.0866,8.0966,2.938
1942-01,10.1017,8.3777,2.7406
1942-02,9.6803,9.0143,2.771
1942-03,9.0034,9.9895,2.9349
1942-04,8.5443,10.7214,2.9041
1942-05,8.5061,11.0458,2.6777
1942-06,8.9055,10.5924,2.2142
1942-07,9.1505,10.3531,1.9375
1942-08,9.0128,10.6564,1.8986
1942-09,9.0778,10.652,1.7603
1942-10,9.5992,10.2526,1.5154
1942-11,9.6613,10.3231,1.4525
1942-12,9.6175,10.5083,1.4332
1943-01,10.1505,10.1194,1.2299
1943-02,10.709,9.7654,1.0524
1943-03,10.8505,9.9055,1.0463
1943-04,11.0392,9.8665,0.9815
1943-05,11.3622,9.6674,0.8649
1943-06,11.5167,9.4668,0.7461
1943-07,11.7742,8.8974,0.4948
1943-08,11.2105,9.1862,0.5615
1943-09,11.3363,9.1456,0.5036
1943-10,11.1873,9.2622,0.507
1943-11,10.631,9.7291,0.6597
1943-12,10.7374,9.6352,0.5778
1944-01,11.0524,9.3688,0.41
1944-02,10.9479,9.3868,0.3724
1944-03,11.2247,9.1708,0.2095
1944-04,10.9383,9.4721,0.3272
1944-05,11.1037,9.345,0.1991
1944-06,11.5328,9.0007,-0.0822
1944-07,11.7388,8.916,-0.2117
1944-08,11.5417,9.0706,-0.1933
1944-09,11.3286,9.0906,-0.2909
1944-10,11.5831,8.9815,-0.5581
1944-11,11.4785,9.0694,-0.6294
1944-12,11.6387,9.093,-0.7576
1945-01,11.9605,8.7187,-1.4316
1945-02,12.3418,8.4002,-1.9908
1945-03,12.3233,8.4273,-1.8473
1945-04,12.6319,8.1695,-2.0914
1945-05,13.0366,7.9962,-2.2052
1945-06,13.1302,8.1453,-1.8813
1945-07,12.867,8.3161,-1.5259
1945-08,12.9154,8.302,-1.4635
1945-09,13.7983,7.8216,-2.1256
1945-10,14.3747,7.546,-2.433
1945-11,14.8477,7.2646,-2.6418
1945-12,15.0203,7.2588,-2.42
1946-01,15.6232,7.0169,-2.5954
1946-02,15.7617,6.8991,-2.518
1946-03,15.1349,7.3446,-1.7291
1946-04,16.0408,7.0226,-2.0183
1946-05,16.0137,7.084,-1.8064
1946-06,15.7732,7.2101,-1.5413
1946-07,14.5081,8.2739,-0.2212
1946-08,13.9849,8.6598,0.2447
1946-09,11.8413,10.0516,1.8898
1946-10,11.3876,10.5848,2.3906
1946-11,11.11,11.0467,2.6933
1946-12,11.3728,10.9312,2.3589
1947-01,11.4693,10.778,2.0525
1947-02,11.9496,10.4117,1.5977
1947-03,11.2879,11.005,2.0405
1947-04,10.9008,11.2305,2.0815
1947-05,10.7337,11.2849,1.9823
1947-06,11.0827,11.0231,1.6552
1947-07,11.6964,10.5561,1.2232
1947-08,11.3375,10.9511,1.4442
1947-09,10.8275,11.5087,1.7501
1947-10,11.1327,11.2397,1.4615
1947-11,10.9754,11.4699,1.5279
1947-12,10.6809,11.9132,1.7148
1948-01,10.4193,12.4133,1.9016
1948-02,9.9998,12.8121,1.9864
1948-03,10.1867,12.5945,1.7117
1948-04,10.7795,12.1695,1.3714
1948-05,11.241,11.9181,1.1613
1948-06,11.5839,11.7535,1.0132
1948-07,11.1346,12.2432,1.2093
1948-08,10.7236,12.6416,1.3441
1948-09,10.553,12.8031,1.3473
1948-10,10.8254,12.6075,1.1748
1948-11,10.2481,13.0517,1.3373
1948-12,10.1597,13.1038,1.2992
1949-01,10.2483,12.9856,1.1789
1949-02,9.8725,13.3435,1.3262
1949-03,9.9013,13.3132,1.2706
1949-04,9.7836,13.5544,1.3727
1949-05,9.6923,13.6056,1.3885
1949-06,9.0677,14.3597,1.9155
1949-07,9.605,13.6532,1.4169
1949-08,9.8513,13.4365,1.2385
1949-09,9.884,13.2194,1.0439
1949-10,10.1699,12.9207,0.7191
1949-11,10.2159,12.92,0.6745
1949-12,10.5293,12.5388,0.2614
1950-01,10.7457,12.3775,0.0624
1950-02,10.9116,12.1397,-0.2267
1950-03,10.9109,12.1641,-0.2666
1950-04,11.178,11.9243,-0.5841
1950-05,11.4615,11.7267,-0.8485
1950-06,11.5541,11.6053,-1.0196
1950-07,10.5397,12.6247,0.1663
1950-08,11.0406,12.2607,-0.3739
1950-09,11.3374,12.0462,-0.751
1950-10,11.6624,11.8658,-1.0506
1950-11,11.5422,11.9773,-0.9521
1950-12,11.3067,12.1894,-0.6751
1951-01,11.8958,11.8988,-1.1469
1951-02,12.1415,11.8441,-1.1905
1951-03,11.8416,12.0097,-0.8801
1951-04,11.9511,11.8487,-1.0868
1951-05,11.8639,11.8681,-1.033
1951-06,11.6157,11.8207,-1.0988
1951-07,11.7782,11.6927,-1.2939
1951-08,12.257,11.209,-1.9472
1951-09,12.445,11.017,-2.0653
1951-10,12.3095,10.9977,-1.9211
1951-11,11.852,11.3136,-1.3826
1951-12,12.1471,11.0711,-1.5998
1952-01,12.5271,10.677,-1.9725
1952-02,12.3641,10.6231,-1.8827
1952-03,12.3623,10.4795,-1.9174
1952-04,12.2427,10.5204,-1.7406
1952-05,12.2005,10.4065,-1.7701
1952-06,12.4479,10.2708,-1.8293
1952-07,12.6691,10.1328,-1.9844
1952-08,12.6784,10.0507,-2.0023
1952-09,12.4347,10.1928,-1.7364
1952-10,12.1312,10.2551,-1.584
1952-11,12.4735,9.9539,-1.8849
1952-12,12.934,9.5938,-2.2377
1953-01,13.0108,9.4964,-2.1826
1953-02,12.8593,9.5766,-1.9175
1953-03,12.8348,9.4761,-1.8933
1953-04,12.1639,9.7268,-1.4836
1953-05,12.142,9.501,-1.6397
1953-06,11.6244,9.8467,-1.1659
1953-07,11.7502,9.9944,-0.9475
1953-08,11.7151,10.0991,-0.7901
1953-09,11.1393,10.56,-0.2295
1953-10,11.3919,10.6098,-0.1315
1953-11,11.6441,10.3609,-0.3879
1953-12,11.7544,10.3703,-0.3345
1954-01,12.0027,10.3043,-0.3723
1954-02,12.2151,10.1695,-0.5092
1954-03,12.4201,10.1343,-0.5151
1954-04,12.9079,9.8114,-0.9537
1954-05,13.312,9.535,-1.3529
1954-06,13.3579,9.4398,-1.4843
1954-07,13.833,9.2035,-1.8881
1954-08,14.0421,9.0359,-2.171
1954-09,14.3565,8.8211,-2.4392
1954-10,14.6192,8.6459,-2.5543
1954-11,15.1173,8.3706,-2.8051
1954-12,15.7891,7.9615,-3.2699
1955-01,15.9908,7.7816,-3.1599
1955-02,16.4377,7.5715,-3.0459
1955-03,16.2193,7.6235,-2.6029
1955-04,16.6853,7.3813,-2.6211
1955-05,16.5181,7.3736,-2.3597
1955-06,17.3701,6.9411,-2.5954
1955-07,18.454,6.5218,-2.7318
1955-08,18.2223,6.5207,-2.4251
1955-09,18.844,6.3784,-2.3077
1955-10,17.7723,6.7884,-1.7735
1955-11,18.8356,6.4608,-1.905
1955-12,18.9424,6.2648,-1.9084
1956-01,18.2926,6.5124,-1.5877
1956-02,18.2661,6.6376,-1.3991
1956-03,19.3712,6.091,-1.6877
1956-04,19.3706,5.8533,-1.7303
1956-05,18.5445,6.1755,-1.4061
1956-06,18.1582,6.3252,-1.2288
1956-07,18.8568,5.4951,-1.6791
1956-08,18.6709,5.0838,-1.8247
1956-09,17.8366,5.2205,-1.622
1956-10,17.419,5.2326,-1.5292
1956-11,17.1203,4.9387,-1.6362
1956-12,17.1975,4.7539,-1.6668
1957-01,16.7178,5.0507,-1.4029
1957-02,15.8437,5.5378,-1.0364
1957-03,15.9004,5.2933,-1.1557
1957-04,16.1237,5.173,-1.1998
1957-05,16.5981,4.9124,-1.3461
1957-06,16.7299,4.6548,-1.4912
1957-07,16.8689,4.4555,-1.5969
1957-08,15.8689,4.6916,-1.353
1957-09,15.1573,4.7728,-1.2445
1957-10,14.1495,5.1927,-0.8399
1957-11,13.7362,5.6471,-0.3814
1957-12,13.6732,6.059,0.0794
1958-01,13.7884,6.0595,0.1411
1958-02,13.7849,6.1878,0.348
1958-03,13.9256,6.2991,0.5447
1958-04,13.9135,6.2678,0.587
1958-05,14.3238,5.9792,0.2755
1958-06,14.6356,5.6956,-0.0552
1958-07,14.9575,5.2278,-0.7052
1958-08,15.5446,4.5585,-1.678
1958-09,15.9319,4.1821,-2.141
1958-10,16.5598,3.9457,-2.3113
1958-11,16.9889,3.9721,-2.1108
1958-12,17.3584,3.7338,-2.2819
1959-01,17.9803,3.4521,-2.4558
1959-02,17.7592,3.6314,-2.0222
1959-03,18.2009,3.4648,-2.1076
1959-04,18.4308,3.2587,-2.1891
1959-05,18.6927,3.0354,-2.2573
1959-06,18.4486,3.0686,-2.0371
1959-07,19.0905,2.9471,-2.0304
1959-08,18.9588,2.9105,-1.9053
1959-09,18.1233,2.8957,-1.7768
1959-10,18.022,3.1974,-1.3662
1959-11,18.0718,3.1391,-1.3411
1959-12,18.6247,2.901,-1.4825
1960-01,18.3383,2.9635,-1.341
1960-02,17.5453,3.4748,-0.8227
1960-03,17.286,3.7568,-0.5319
1960-04,17.4298,3.7138,-0.5352
1960-05,17.2562,3.6583,-0.5507
1960-06,17.8234,3.6655,-0.5141
1960-07,17.3768,3.9317,-0.256
1960-08,17.5821,3.8802,-0.2883
1960-09,17.052,4.0151,-0.1506
1960-10,16.6051,4.0684,-0.0858
1960-11,17.1461,3.797,-0.3006
1960-12,17.5621,3.6259,-0.4178
1961-01,18.4704,3.1845,-0.7958
1961-02,19.234,2.9103,-1.0318
1961-03,19.8442,2.751,-1.1741
1961-04,20.3828,2.5779,-1.3732
1961-05,20.5986,2.5572,-1.4332
1961-06,20.3324,2.4508,-1.6423
1961-07,20.1466,2.524,-1.5929
1961-08,20.9417,2.1817,-2.2882
1961-09,20.7052,2.2521,-2.0381
1961-10,20.9242,2.2228,-1.9635
1961-11,21.858,1.9215,-2.3792
1961-12,22.0415,1.7252,-2.5213
1962-01,21.1979,1.8857,-2.0064
1962-02,21.4517,1.9803,-1.6978
1962-03,21.4432,2.0922,-1.4132
1962-04,20.6583,2.3545,-0.9345
1962-05,19.0894,2.7224,-0.3402
1962-06,16.8276,3.3482,0.6053
1962-07,17.1413,3.0967,0.2182
1962-08,17.5713,2.984,0.0449
1962-09,17.3215,3.0994,0.2129
1962-10,16.7398,3.35,0.5756
1962-11,17.8544,2.9871,0.0317
1962-12,18.5858,2.8267,-0.1992
1963-01,19.2592,2.7066,-0.3735
1963-02,19.4692,2.5988,-0.5213
1963-03,19.2881,2.6321,-0.4385
1963-04,20.1501,2.3703,-0.7958
1963-05,20.5076,2.2858,-0.8797
1963-06,20.3841,2.2506,-0.8857
1963-07,19.9692,2.3556,-0.6717
1963-08,20.4726,2.2147,-0.8614
1963-09,20.9604,2.021,-1.1531
1963-10,20.8913,2.0022,-1.1596
1963-11,20.7204,2.0693,-1.0193
1963-12,21.0386,2.0191,-1.107
1964-01,21.6272,1.8498,-1.4768
1964-02,21.8327,1.8262,-1.4598
1964-03,22.1672,1.6871,-1.6967
1964-04,22.4222,1.6636,-1.6353
1964-05,22.5743,1.6258,-1.611
1964-06,22.3003,1.743,-1.2592
1964-07,22.9844,1.6222,-1.4439
1964-08,22.6504,1.6537,-1.2947
1964-09,22.8922,1.6675,-1.2105
1964-10,23.2122,1.6173,-1.2532
1964-11,23.225,1.6875,-1.062
1964-12,22.753,1.7848,-0.8559
1965-01,23.2693,1.6772,-1.0644
1965-02,23.3721,1.6383,-1.1164
1965-03,23.2535,1.6927,-0.9834
1965-04,23.4206,1.7044,-0.9298
1965-05,23.7088,1.6425,-0.9992
1965-06,22.3853,1.9564,-0.3792
1965-07,22.3008,1.9453,-0.3526
1965-08,22.666,1.8231,-0.5545
1965-09,23.3741,1.6116,-0.9609
1965-10,23.7757,1.5114,-1.1553
1965-11,23.9255,1.3851,-1.507
1965-12,23.6941,1.3258,-1.6653
1966-01,24.0585,1.2719,-1.8
1966-02,23.7,1.1786,-2.046
1966-03,22.6111,1.3735,-1.3589
1966-04,23.1137,1.4227,-1.1858
1966-05,21.8522,1.6047,-0.4982
1966-06,21.5553,1.594,-0.4941
1966-07,21.3817,1.3785,-1.3054
1966-08,19.9139,1.6229,-0.247
1966-09,19.1617,1.8228,0.7409
1966-10,18.8254,2.111,2.1795
1966-11,19.7113,1.7223,0.2852
1966-12,19.7365,1.9988,1.7158
1967-01,20.4322,2.0863,2.1617
1967-02,21.0744,1.8504,0.9116
1967-03,21.4439,1.8528,0.9176
1967-04,21.686,1.745,0.3826
1967-05,21.9485,1.4242,-1.1237
1967-06,21.5521,1.3323,-1.5008
1967-07,21.8042,1.097,-2.4592
1967-08,22.0306,0.9603,-2.7852
1967-09,22.2191,0.9321,-2.5667
1967-10,22.0682,0.8131,-2.7087
1967-11,21.2631,0.7089,-2.7345
1967-12,21.7516,0.6834,-2.4951
1968-01,21.5115,0.8931,-1.6761
1968-02,20.425,1.1402,-0.9189
1968-03,19.9347,1.0394,-1.1357
1968-04,21.2774,0.8172,-1.6433
1968-05,21.6302,0.5401,-2.2227
1968-06,22.0046,0.6703,-1.7199
1968-07,21.7535,0.9661,-0.9304
1968-08,21.1378,1.2444,-0.2286
1968-09,21.6803,1.1151,-0.5028
1968-10,22.0046,0.9851,-0.7827
1968-11,22.1955,0.8196,-1.1383
1968-12,22.2779,0.537,-1.7452
1969-01,21.195,0.7498,-1.1492
1969-02,20.8957,0.7598,-1.075
1969-03,20.2023,0.8994,-0.7291
1969-04,20.4286,0.9957,-0.4875
1969-05,20.9723,0.747,-1.0009
1969-06,19.7133,0.8223,-0.7841
1969-07,18.6817,0.9731,-0.4131
1969-08,18.4295,1.1318,-0.0442
1969-09,18.398,0.6637,-1.047
1969-10,18.4487,0.729,-0.8484
1969-11,18.4378,0.747,-0.7733
1969-12,17.3269,0.6392,-0.9963
1970-01,17.0905,0.6411,-0.9671
1970-02,16.3726,1.4669,1.5227
1970-03,16.5317,1.632,2.2099
1970-04,15.8731,1.6084,2.2734
1970-05,13.9838,1.9662,3.6356
1970-06,13.7997,2.15,3.7386
1970-07,13.7265,2.6214,4.437
1970-08,14.1005,2.3582,2.9184
1970-09,14.8427,2.1962,2.2367
1970-10,15.0642,2.1402,1.9332
1970-11,14.9508,2.7326,2.8353
1970-12,15.8738,2.8455,2.6826
1971-01,16.4618,2.7705,2.2761
1971-02,17.0345,2.7221,1.9997
1971-03,17.4029,3.0336,2.2598
1971-04,17.9241,2.7623,1.7131
1971-05,17.5642,2.3679,1.1147
1971-06,17.0832,2.4746,1.1855
1971-07,16.8894,2.2882,0.8932
1971-08,16.5194,2.6305,1.2624
1971-09,16.8568,2.9149,1.5334
1971-10,16.4289,3.3047,1.8914
1971-11,15.6387,3.7322,2.2317
1971-12,16.6036,3.291,1.5686
1972-01,17.263,3.0409,1.2136
1972-02,17.4641,2.86,0.9554
1972-03,17.8056,2.7851,0.8232
1972-04,17.9152,2.6214,0.597
1972-05,17.6626,2.7861,0.7399
1972-06,17.6409,2.8379,0.7552
1972-07,17.3987,2.932,0.8221
1972-08,17.9434,2.6822,0.4744
1972-09,17.6139,2.437,0.1294
1972-10,17.5332,2.5821,0.265
1972-11,18.3389,2.5559,0.1745
1972-12,18.6457,2.4105,-0.1139
1973-01,18.7125,2.3157,-0.3868
1973-02,17.8899,2.454,-0.2703
1973-03,17.4121,2.5995,-0.0172
1973-04,16.9357,2.8726,0.6107
1973-05,16.3143,2.9886,0.9073
1973-06,15.8083,3.1715,1.4137
1973-07,15.8895,2.8987,0.5229
1973-08,15.2785,3.0663,1.0033
1973-09,15.4753,3.316,1.706
1973-10,15.9135,3.4959,2.1643
1973-11,14.6518,4.1652,4.0634
1973-12,13.4933,4.7753,4.8199
1974-01,13.5307,4.5946,3.316
1974-02,12.9573,5.085,3.6796
1974-03,13.3104,4.7622,2.5786
1974-04,12.5504,4.9608,2.5807
1974-05,11.9954,5.3893,2.8486
1974-06,11.8885,5.5562,2.7105
1974-07,10.3941,6.547,3.474
1974-08,9.8242,7.0354,3.4141
1974-09,8.6804,8.468,4.0907
1974-10,8.745,8.6263,3.411
1974-11,8.949,8.6338,2.8946
1974-12,8.2891,9.8548,3.2077
1975-01,8.921,8.9707,2.3272
1975-02,9.7622,8.1953,1.756
1975-03,10.1638,7.4569,1.3085
1975-04,10.2331,6.8966,0.9906
1975-05,10.8181,6.5977,0.8078
1975-06,11.0114,6.6475,0.785
1975-07,10.9028,6.6554,0.7447
1975-08,10.0898,7.0739,0.8853
1975-09,9.9189,7.2728,0.9239
1975-10,10.3276,7.1884,0.8361
1975-11,10.4359,7.2546,0.8188
1975-12,10.2504,7.4829,0.8765
1976-01,11.1851,6.9467,0.5792
1976-02,11.5861,6.5589,0.3499
1976-03,11.6318,6.571,0.3124
1976-04,11.6892,6.6709,0.32
1976-05,11.5321,6.5225,0.1954
1976-06,11.5438,6.577,0.1794
1976-07,11.7575,6.4727,0.0699
1976-08,11.598,6.6402,0.1176
1976-09,11.806,6.7051,0.1028
1976-10,11.3457,7.2192,0.4171
1976-11,11.2489,7.4333,0.5392
1976-12,11.5976,7.6224,0.6551
1977-01,11.438,7.4572,0.4682
1977-02,11.0148,7.7212,0.6682
1977-03,10.8957,7.7898,0.692
1977-04,10.636,8.1606,1.04
1977-05,10.5485,8.1695,1.0218
1977-06,10.53,8.4044,1.258
1977-07,10.5677,8.3411,1.1399
1977-08,10.2684,8.5499,1.3315
1977-09,10.0677,8.807,1.5619
1977-10,9.7667,8.9362,1.6791
1977-11,9.7663,8.8967,1.5988
1977-12,9.6783,8.8827,1.5554
1978-01,9.2415,9.1068,1.976
1978-02,9.0453,9.3082,2.1988
1978-03,8.9504,9.4685,2.2332
1978-04,9.2626,9.0345,1.5676
1978-05,9.6349,8.4859,0.8893
1978-06,9.5497,8.5219,0.8785
1978-07,9.4255,8.5,0.8064
1978-08,10.024,8.1146,0.3425
1978-09,9.9419,8.237,0.4472
1978-10,9.5336,8.483,0.6884
1978-11,8.9284,9.0414,1.2627
1978-12,9.0119,8.7548,0.8817
1979-01,9.2576,8.4345,0.4935
1979-02,9.0037,8.8036,0.8585
1979-03,9.0708,8.72,0.7192
1979-04,9.1331,8.6476,0.5919
1979-05,8.7944,9.1053,1.1027
1979-06,8.8539,9.4292,1.4736
1979-07,8.8275,9.4826,1.4994
1979-08,9.1272,9.0746,0.9073
1979-09,9.1128,8.8786,0.5865
1979-10,8.6818,8.4815,-0.1286
1979-11,8.5188,8.394,-0.3685
1979-12,8.7452,8.4056,-0.4252
1980-01,8.8509,7.9835,-1.3901
1980-02,9.0545,6.2137,-5.5162
1980-03,8.0812,7.3099,-2.2495
1980-04,7.844,9.0001,0.6651
1980-05,8.1042,9.9587,2.2209
1980-06,8.5121,9.8297,1.8225
1980-07,8.8809,8.8165,0.1584
1980-08,9.071,7.8084,-1.3922
1980-09,9.196,7.2836,-2.1052
1980-10,9.3578,6.903,-2.4645
1980-11,9.654,5.6792,-3.8093
1980-12,9.3899,5.8568,-2.941
1981-01,9.2594,6.3642,-2.0645
1981-02,8.8299,6.3537,-1.9059
1981-03,9.0811,6.1569,-1.9462
1981-04,9.0856,5.6377,-2.267
1981-05,8.8185,5.5819,-2.11
1981-06,8.7653,6.2964,-1.3635
1981-07,8.4453,6.011,-1.5085
1981-08,8.3998,5.4711,-1.826
1981-09,7.5812,6.482,-0.961
1981-10,7.6491,6.5315,-0.88
1981-11,7.8108,8.0558,0.255
1981-12,7.8326,7.6719,-0.0002
1982-01,7.3887,7.6036,-0.0281
1982-02,7.1818,8.1351,0.3791
1982-03,6.9507,9.1304,1.1335
1982-04,7.2591,8.5289,0.6738
1982-05,7.1926,8.9826,1.0114
1982-06,6.6921,9.4516,1.3628
1982-07,6.6387,9.9259,1.7113
1982-08,6.6434,10.8014,2.3158
1982-09,7.3988,9.9809,1.5937
1982-10,7.9998,10.3773,1.8003
1982-11,8.3475,10.1688,1.5629
1982-12,8.4677,9.9386,1.3414
1983-01,8.7568,9.6255,1.0939
1983-02,8.9105,9.1034,0.7341
1983-03,9.2328,8.8209,0.5193
1983-04,9.5316,8.5938,0.3552
1983-05,9.8745,8.2409,0.1482
1983-06,10.0001,7.6025,-0.2162
1983-07,10.0145,7.0772,-0.5144
1983-08,9.7281,6.7397,-0.6989
1983-09,9.9842,6.7059,-0.6969
1983-10,10.0034,6.7335,-0.666
1983-11,9.8536,6.6859,-0.6917
1983-12,9.815,6.526,-0.8242
1984-01,9.8949,6.5743,-0.8154
1984-02,9.3245,6.9371,-0.5866
1984-03,9.3267,6.3393,-0.993
1984-04,9.3056,6.061,-1.1824
1984-05,9.2318,5.2642,-1.7307
1984-06,9.0102,5.3235,-1.6698
1984-07,8.8683,5.655,-1.4014
1984-08,9.6231,5.3218,-1.5958
1984-09,9.6873,5.3759,-1.5525
1984-10,9.5951,5.7601,-1.2605
1984-11,9.692,6.1621,-0.9849
1984-12,9.5951,6.2533,-0.886
1985-01,9.997,5.9333,-1.0444
1985-02,10.4949,5.2974,-1.3766
1985-03,10.3732,5.0588,-1.4366
1985-04,10.3971,5.4763,-1.1145
1985-05,10.6081,5.8444,-0.8487
1985-06,10.81,6.3079,-0.5413
1985-07,10.9976,5.9008,-0.7345
1985-08,10.7388,6.1,-0.5731
1985-09,10.4712,6.2687,-0.4255
1985-10,10.5525,6.3059,-0.3553
1985-11,11.1646,6.1982,-0.3832
1985-12,11.6905,6.306,-0.2473
1986-01,11.715,6.3682,-0.1304
1986-02,12.3882,6.3266,-0.0982
1986-03,13.189,6.6883,0.3938
1986-04,13.5525,6.9071,0.8105
1986-05,13.56,6.4466,0.3095
1986-06,13.8887,6.1842,-0.0097
1986-07,13.62,6.77,1.1764
1986-08,13.8877,6.722,1.1289
1986-09,13.4673,6.6782,1.0457
1986-10,13.4259,6.6754,1.0433
1986-11,13.873,6.6066,0.9155
1986-12,14.0851,6.611,0.9324
1987-01,14.9222,6.2552,0.2273
1987-02,15.8223,5.6335,-0.9824
1987-03,16.4333,5.3742,-1.4597
1987-04,16.1965,4.6609,-2.7839
1987-05,16.1603,4.0694,-3.5264
1987-06,16.8252,4.0021,-3.1598
1987-07,17.306,3.7626,-3.1232
1987-08,18.3269,3.1518,-3.4893
1987-09,17.6756,2.7138,-3.4573
1987-10,15.5301,3.3885,-2.2917
1987-11,13.5909,4.9248,-0.7028
1987-12,13.389,4.8714,-0.7171
1988-01,13.8983,4.877,-0.6757
1988-02,14.2983,5.0955,-0.452
1988-03,14.6689,4.7203,-0.7793
1988-04,14.4333,4.4527,-1.0033
1988-05,14.0319,4.2179,-1.1699
1988-06,14.7665,3.9638,-1.329
1988-07,14.6083,3.861,-1.3393
1988-08,14.2449,3.8319,-1.2883
1988-09,14.3694,4.0421,-1.0453
1988-10,14.8115,3.9545,-1.06
1988-11,14.4455,3.9271,-1.0248
1988-12,14.7021,3.6268,-1.2099
1989-01,15.0881,3.432,-1.2978
1989-02,15.4671,3.1099,-1.4794
1989-03,15.299,2.9451,-1.5204
1989-04,15.6867,2.9119,-1.4628
1989-05,16.1864,2.9612,-1.354
1989-06,16.6419,3.2802,-1.0309
1989-07,17.0134,3.3183,-0.946
1989-08,17.7343,2.9059,-1.2447
1989-09,17.7142,2.7525,-1.3295
1989-10,17.6409,2.922,-1.1338
1989-11,17.2424,3.1206,-0.915
1989-12,17.6502,2.9231,-1.0915
1990-01,17.0488,2.711,-1.327
1990-02,16.5081,2.5451,-1.5322
1990-03,16.8337,2.2068,-1.9313
1990-04,16.8139,1.9129,-2.2403
1990-05,17.3924,1.6665,-2.3746
1990-06,17.8171,1.7515,-2.0466
1990-07,17.7472,1.8239,-1.7986
1990-08,16.1683,2.1143,-1.354
1990-09,15.3013,2.3243,-1.068
1990-10,14.8181,2.6711,-0.6805
1990-11,15.1876,2.7744,-0.5472
1990-12,15.8463,2.7134,-0.5709
1991-01,15.6062,2.7783,-0.454
1991-02,17.3547,2.2808,-1.0076
1991-03,17.8186,1.8153,-1.5867
1991-04,18.1553,1.7261,-1.6588
1991-05,18.0354,1.682,-1.6548
1991-06,18.0152,1.4165,-1.9498
1991-07,18.1035,1.3005,-1.989
1991-08,18.5123,1.4998,-1.5891
1991-09,18.3573,1.7401,-1.1791
1991-10,18.3492,1.8554,-0.9725
1991-11,18.2889,1.9802,-0.7484
1991-12,18.4417,2.2392,-0.3022
1992-01,19.7731,1.9161,-0.7928
1992-02,19.583,1.6597,-1.1926
1992-03,19.2836,1.6023,-1.2303
1992-04,19.3012,1.6286,-1.1176
1992-05,19.6623,1.5403,-1.2111
1992-06,19.3154,1.6695,-0.9214
1992-07,19.6207,1.9778,-0.3183
1992-08,19.7221,2.2098,0.1845
1992-09,19.7088,2.3914,0.5967
1992-10,19.3703,2.315,0.472
1992-11,19.8337,1.9502,-0.2548
1992-12,20.4486,1.9337,-0.2383
1993-01,20.3234,2.1636,0.3821
1993-02,20.5453,2.4762,1.2435
1993-03,20.8552,2.7201,1.8897
1993-04,20.4574,2.7783,1.9197
1993-05,20.5176,2.6453,1.4601
1993-06,20.6084,2.6869,1.4692
1993-07,20.5646,2.8056,1.6511
1993-08,20.8122,2.8753,1.6963
1993-09,20.9935,3.1237,2.1195
1993-10,21.1092,3.1395,1.9918
1993-11,21.0379,2.7522,1.1385
1993-12,21.1647,2.6634,0.9684
1994-01,21.412,2.5961,0.8422
1994-02,21.2638,2.3933,0.4606
1994-03,20.8334,1.9955,-0.33
1994-04,20.0553,1.6554,-1.0148
1994-05,20.1965,1.3874,-1.5357
1994-06,20.2908,1.4495,-1.3701
1994-07,20.068,1.2923,-1.6801
1994-08,20.5355,1.2409,-1.778
1994-09,20.5765,0.9895,-2.2048
1994-10,20.3958,0.73,-2.5153
1994-11,20.2095,0.569,-2.5453
1994-12,19.9115,0.793,-1.9445
1995-01,20.2191,0.7684,-1.832
1995-02,20.8026,0.932,-1.4804
1995-03,21.1527,1.1177,-1.1607
1995-04,21.6427,1.1362,-1.1005
1995-05,22.1954,1.4329,-0.6737
1995-06,22.7184,1.7807,-0.2078
1995-07,23.3764,1.5276,-0.5476
1995-08,23.2841,1.3424,-0.7732
1995-09,23.946,1.5053,-0.5234
1995-10,23.9268,1.6642,-0.2832
1995-11,24.3476,1.6667,-0.2571
1995-12,25.0274,1.74,-0.1499
1996-01,24.7625,1.8749,0.0351
1996-02,25.9761,1.588,-0.3335
1996-03,25.6299,1.2809,-0.7134
1996-04,25.4242,1.1314,-0.8723
1996-05,25.814,0.8333,-1.2352
1996-06,25.9667,0.5902,-1.5058
1996-07,24.8584,0.8217,-1.1038
1996-08,25.4125,0.9649,-0.8499
1996-09,25.6801,0.7196,-1.1698
1996-10,26.4835,0.9249,-0.8233
1996-11,27.5856,1.1143,-0.4744
1996-12,27.7239,0.9868,-0.6744
1997-01,28.3329,0.5964,-1.4653
1997-02,29.2656,0.6392,-1.3754
1997-03,28.8025,0.4038,-1.9653
1997-04,27.5852,0.3146,-2.0973
1997-05,29.9284,0.1677,-2.2991
1997-06,31.2566,0.2221,-1.9623
1997-07,32.7666,0.3302,-1.5727
1997-08,32.5863,0.232,-1.6844
1997-09,32.6666,0.286,-1.4582
1997-10,32.9015,0.4429,-1.0599
1997-11,32.3366,0.6306,-0.6544
1997-12,33.0308,0.6228,-0.6751
1998-01,32.86,0.9009,-0.1057
1998-02,34.7097,0.7011,-0.514
1998-03,36.2969,0.4698,-0.9616
1998-04,37.2769,0.3734,-1.1066
1998-05,36.9566,0.3705,-1.0559
1998-06,36.8023,0.5006,-0.7448
1998-07,38.2596,0.4061,-0.894
1998-08,35.4234,0.7046,-0.2292
1998-09,33.5324,1.3373,1.1328
1998-10,33.7731,1.5868,1.6885
1998-11,37.3694,0.9933,0.4338
1998-12,38.8203,1.0498,0.6256
1999-01,40.577,0.8422,0.2145
1999-02,40.4002,0.5431,-0.49
1999-03,41.3561,0.228,-1.3702
1999-04,42.7045,0.2091,-1.3653
1999-05,42.5567,-0.2011,-2.5241
1999-06,42.1807,-0.5651,-3.2766
1999-07,43.828,-0.5382,-2.74
1999-08,41.9307,-0.5768,-2.5135
1999-09,41.3235,-0.5056,-2.113
1999-10,40.5529,-0.6805,-2.2839
1999-11,43.2083,-0.7705,-2.2499
1999-12,44.1979,-1.0887,-2.6444
2000-01,43.7726,-1.5217,-3.1036
2000-02,42.1856,-1.2833,-2.3246
2000-03,43.2207,-1.0517,-1.7776
2000-04,43.5286,-0.808,-1.3205
2000-05,41.9661,-1.1844,-1.7531
2000-06,42.782,-0.8916,-1.2602
2000-07,42.7581,-0.856,-1.1509
2000-08,42.8696,-0.7362,-0.9438
2000-09,41.898,-0.6843,-0.837
2000-10,39.3697,-0.515,-0.592
2000-11,38.7821,-0.4737,-0.5094
2000-12,37.2742,0.1047,0.2337
2001-01,36.9789,0.2096,0.3837
2001-02,35.8347,0.3817,0.633
2001-03,32.3258,0.9027,1.3147
2001-04,32.1739,0.6929,1.0159
2001-05,34.0746,0.2855,0.4889
2001-06,33.0685,0.4719,0.7249
2001-07,32.163,0.553,0.8276
2001-08,31.4043,0.868,1.2109
2001-09,27.6674,1.5393,2.0267
2001-10,28.5774,1.5346,1.988
2001-11,30.0051,1.241,1.6377
2001-12,30.5,0.6989,0.9544
2002-01,30.2772,0.7814,1.0808
2002-02,29.0857,1.0501,1.4154
2002-03,30.2921,0.549,0.7683
2002-04,29.0059,0.8079,1.0631
2002-05,28.1281,0.9508,1.198
2002-06,26.3877,1.3843,1.6419
2002-07,23.4631,2.1261,2.3695
2002-08,23.5887,2.4984,2.5364
2002-09,22.365,3.1083,2.8737
2002-10,21.9562,3.1023,2.5207
2002-11,23.3484,2.7063,1.9352
2002-12,23.1014,2.7567,1.8322
2003-01,22.8983,2.7699,1.7217
2003-02,21.2141,3.3094,2.0581
2003-03,21.3097,3.4039,1.9942
2003-04,22.4279,2.9691,1.5288
2003-05,23.5911,3.1083,1.5487
2003-06,24.8322,3.1334,1.4943
2003-07,24.8673,2.4889,0.9212
2003-08,24.6423,2.0662,0.5384
2003-09,25.2437,2.1615,0.5745
2003-10,25.6828,2.0205,0.4095
2003-11,25.9468,1.9361,0.2883
2003-12,26.6352,1.8554,0.1628
2004-01,27.6585,1.8583,0.1231
2004-02,27.6509,1.9495,0.1737
2004-03,26.8865,2.3333,0.5379
2004-04,26.9006,1.8301,-0.0351
2004-05,25.9028,1.6562,-0.2599
2004-06,26.4013,1.5711,-0.4121
2004-07,25.6959,1.8612,-0.1209
2004-08,25.1745,2.1258,0.1557
2004-09,25.6684,2.1935,0.2018
2004-10,25.4117,2.3099,0.3281
2004-11,26.4653,2.0549,-0.0249
2004-12,27.1448,1.8827,-0.2792
2005-01,26.5873,1.9504,-0.2452
2005-02,26.7449,1.9964,-0.2384
2005-03,26.3391,1.7699,-0.6243
2005-04,25.4089,2.1038,-0.1928
2005-05,25.6502,2.236,-0.0394
2005-06,26.0684,2.2986,0.0085
2005-07,26.2879,2.1339,-0.3715
2005-08,26.1044,2.1061,-0.4276
2005-09,25.7301,2.3263,0.0349
2005-10,24.8765,2.1868,-0.2083
2005-11,25.9318,1.8672,-0.855
2005-12,26.4438,1.8276,-0.8939
2006-01,26.4687,1.892,-0.7034
2006-02,26.2496,1.761,-0.952
2006-03,26.3278,1.6035,-1.3152
2006-04,26.1473,1.4071,-1.8988
2006-05,25.6506,1.3923,-1.8932
2006-06,24.7496,1.5479,-1.4415
2006-07,24.6968,1.5873,-1.4239
2006-08,25.0514,1.7405,-0.7688
2006-09,25.6442,1.7252,-0.7903
2006-10,26.538,1.4957,-1.6536
2006-11,26.928,1.5365,-1.3884
2006-12,27.2827,1.5435,-1.2867
2007-01,27.2075,1.3526,-1.9247
2007-02,27.3152,1.4006,-1.6188
2007-03,26.2276,1.7797,-0.2377
2007-04,26.9763,1.5975,-0.8317
2007-05,27.5485,1.5294,-1.038
2007-06,27.4183,1.2037,-2.1354
2007-07,27.4101,1.2894,-1.7184
2007-08,26.1486,1.7574,-0.1303
2007-09,26.7257,1.8275,0.1248
2007-10,27.3206,1.7326,-0.1501
2007-11,25.7291,2.4061,2.207
2007-12,25.9555,2.428,2.138
2008-01,24.0223,3.1299,4.1335
2008-02,23.4953,3.234,3.6059
2008-03,22.6068,3.701,4.056
2008-04,23.356,3.4322,2.7878
2008-05,23.6964,3.238,2.1521
2008-06,22.4168,3.3495,2.1651
2008-07,20.9072,3.8029,2.6752
2008-08,21.4016,3.7586,2.326
2008-09,20.3627,4.1701,2.637
2008-10,16.3874,5.1119,3.4594
2008-11,15.2597,5.6442,3.4644
2008-12,15.3761,6.6042,3.7722
2009-01,15.1747,6.6101,3.1203
2009-02,14.1222,6.7896,2.8172
2009-03,13.3237,7.2578,2.7698
2009-04,14.9819,6.2683,1.895
2009-05,15.9964,5.5146,1.3468
2009-06,16.3842,5.0244,1.0069
2009-07,16.6946,5.0238,0.9524
2009-08,18.0941,4.5289,0.6372
2009-09,18.8319,4.4598,0.562
2009-10,19.358,4.317,0.4483
2009-11,19.8128,4.1896,0.342
2009-12,20.3224,3.855,0.1203
2010-01,20.5279,3.6703,-0.0188
2010-02,19.9205,3.8008,0.0193
2010-03,21.0046,3.4596,-0.2248
2010-04,21.8048,3.1766,-0.4316
2010-05,20.4801,3.8993,-0.0161
2010-06,19.742,4.2382,0.1609
2010-07,19.6687,4.4256,0.2393
2010-08,19.7703,4.7235,0.4046
2010-09,20.3814,4.5747,0.2484
2010-10,21.2401,4.4814,0.1268
2010-11,21.7007,4.1599,-0.1998
2010-12,22.3964,3.5102,-0.8208
2011-01,22.9783,3.2813,-1.0861
2011-02,23.4898,3.006,-1.3461
2011-03,22.8993,3.3618,-1.0082
2011-04,23.1439,3.2908,-1.0564
2011-05,23.0595,3.5985,-0.7732
2011-06,22.1008,3.9284,-0.4905
2011-07,22.611,3.8642,-0.5694
2011-08,20.0499,5.1573,0.6126
2011-09,19.6981,5.5358,0.9251
2011-10,20.1558,5.2639,0.6348
2011-11,20.3452,5.3664,0.7225
2011-12,20.5236,5.3689,0.7361
2012-01,21.213,5.2424,0.6806
2012-02,21.7974,5.1206,0.6325
2012-03,22.0539,4.8873,0.4797
2012-04,21.7792,5.0382,0.827
2012-05,20.9415,5.4599,1.5052
2012-06,20.5475,5.7107,1.8511
2012-07,20.9993,5.6679,1.708
2012-08,21.4104,5.4492,1.359
2012-09,21.7837,5.3578,1.1818
2012-10,21.5771,5.3508,1.1213
2012-11,20.8982,5.5527,1.3104
2012-12,21.2383,5.4011,1.0612
2013-01,21.9005,5.0538,0.6
2013-02,22.0527,4.9572,0.4474
2013-03,22.4192,4.8685,0.3082
2013-04,22.5957,5.0453,0.4842
2013-05,23.4118,4.7559,0.0714
2013-06,22.9253,4.4899,-0.3029
2013-07,23.4925,4.0975,-0.8237
2013-08,23.3566,3.9357,-1.0152
2013-09,23.4423,3.8287,-1.1097
2013-10,23.8347,3.9332,-0.9351
2013-11,24.6421,3.7025,-1.192
2013-12,24.8619,3.4968,-1.4113
2014-01,24.8596,3.5253,-1.3751
2014-02,24.5909,3.7019,-1.1827
2014-03,24.956,3.6324,-1.3461
2014-04,24.7863,3.6708,-1.326
2014-05,24.9433,3.7714,-1.2355
2014-06,25.558,3.6216,-1.4551
2014-07,25.8175,3.6545,-1.3796
2014-08,25.6176,3.7822,-1.1906
2014-09,25.9184,3.613,-1.3458
2014-10,25.1627,3.8795,-0.9257
2014-11,26.6068,3.5731,-1.2726
2014-12,26.7941,3.6462,-1.1077
2015-01,26.4923,3.9492,-0.6569
2015-02,26.9955,3.7643,-0.8573
2015-03,26.7286,3.7224,-0.8651
2015-04,26.7914,3.766,-0.7631
2015-05,26.8061,3.5663,-0.9813
2015-06,26.4959,3.4804,-1.046
2015-07,26.3811,3.4904,-0.9905
2015-08,25.6937,3.6753,-0.6823
2015-09,24.4968,3.7258,-0.5633
2015-10,25.4914,3.6415,-0.6575
2015-11,26.2259,3.4022,-1.0316
2015-12,25.9654,3.4669,-0.9024
2016-01,24.2062,3.8363,-0.1058
2016-02,24.0026,4.1692,0.7495
2016-03,25.3723,3.8219,-0.0213
2016-04,25.9223,3.7802,-0.0609
2016-05,25.6947,3.8051,0.1456
2016-06,25.8404,3.9664,1.0737
2016-07,26.694,3.9361,1.2145
2016-08,26.9489,3.8301,0.66
2016-09,26.7279,3.8652,0.9048
2016-10,26.5251,3.8318,0.6907
2016-11,26.851,3.4054,-1.925
2016-12,27.8651,2.908,-4.7282
2017-01,28.0636,2.9708,-3.4017
2017-02,28.6551,2.8848,-3.2766
2017-03,29.0869,2.6891,-3.5176
2017-04,28.9042,2.855,-2.438
2017-05,29.3133,2.7535,-2.4955
2017-06,29.7485,2.8031,-2.1054
2017-07,30.0022,2.6403,-2.3513
2017-08,29.915,2.8091,-1.7222
2017-09,30.1681,2.8167,-1.5861
2017-10,30.9204,2.5479,-2.0933
2017-11,31.2989,2.4589,-2.1159
2017-12,32.0861,2.3313,-2.1988
2018-01,33.3073,2.0419,-2.5633
2018-02,32.0354,1.8976,-2.5684
2018-03,31.8084,1.8751,-2.339
2018-04,30.9702,1.9091,-2.0671
2018-05,31.2436,1.7318,-2.1695
2018-06,31.6306,1.6731,-2.0663
2018-07,31.8864,1.6153,-1.9754
2018-08,32.3903,1.6127,-1.8242
2018-09,32.6229,1.5065,-1.8287
2018-10,31.038,1.634,-1.5437
2018-11,30.1956,1.9164,-1.1078
2018-12,28.2919,2.5024,-0.3485
2019-01,28.3802,2.5866,-0.2177
2019-02,29.5415,2.4705,-0.3232
2019-03,29.5762,2.6091,-0.0987
2019-04,30.1335,2.615,-0.0493
2019-05,29.242,2.8384,0.3012
2019-06,29.2838,3.0885,0.7088
2019-07,29.9867,3.4716,1.3569
2019-08,28.7054,3.5971,1.6197
2019-09,29.2295,3.4663,1.453
2019-10,28.8411,3.5158,1.5996
2019-11,29.8369,3.2874,1.2751
2019-12,30.3318,3.1914,1.1277
2020-01,30.9852,3.2266,1.1604
2020-02,30.7297,3.5387,1.6529
2020-03,24.8172,4.8801,3.7238
2020-04,25.9274,4.8317,3.0268
2020-05,27.3285,4.6163,2.3802
2020-06,28.8383,4.4302,1.945
2020-07,29.5992,4.5002,1.8796
2020-08,31.1582,4.3191,1.5548
2020-09,30.8394,4.3306,1.4757
2020-10,31.2837,4.1661,1.2321
2020-11,32.4732,3.9585,0.9673
2020-12,33.7656,3.7727,0.7419
2021-01,34.5124,3.5535,0.4942
2021-02,35.1039,3.3301,0.2442
2021-03,35.0425,2.9582,-0.1542
2021-04,36.7198,2.8158,-0.3297
2021-05,36.5521,2.8818,-0.2949
2021-06,36.6963,3.0762,-0.1333
2021-07,37.4434,3.2617,0.0215
2021-08,37.9735,3.2573,-0.0348
2021-09,37.6203,3.2042,-0.1562
2021-10,37.253,3.1259,-0.3318
2021-11,38.5826,3.112,-0.4364
2021-12,38.3048,3.2773,-0.2672
2022-01,36.9368,3.1248,-0.5441
2022-02,35.2871,3.1294,-0.5731
2022-03,34.2708,3.0717,-0.7167
2022-04,33.8892,2.5106,-1.695
2022-05,30.6732,2.7943,-1.2058
2022-06,29.0477,2.8916,-1.0396
2022-07,29.0046,3.1522,-0.5938
2022-08,30.6988,2.9014,-0.9871
2022-09,28.2299,2.5427,-1.5235
2022-10,27.0808,2.2785,-1.8519
2022-11,28.3789,2.2379,-1.7813
2022-12,28.3169,2.5117,-1.2736
2023-01,28.3348,2.6509,-1.0247
2023-02,28.9198,2.333,-1.4314
2023-03,27.9381,2.5516,-1.0528
2023-04,28.7648,2.7112,-0.789
2023-05,28.7621,2.6091,-0.912
2023-06,29.94,2.3008,-1.3806
2023-07,30.8917,2.0634,-1.7398
2023-08,30.3047,1.8886,-2.0125
2023-09,29.7997,1.748,-2.1974
2023-10,28.7691,1.4708,-2.6496
2023-11,30.0132,1.627,-2.2006
2023-12,31.4523,1.9452,-1.4925
2024-01,32.0451,1.8641,-1.5901
2024-02,33.0372,1.6459,-1.9328
2024-03,33.7549,1.5818,-1.922
2024-04,33.1416,1.3127,-2.2648
2024-05,33.7736,1.2974,-2.0846
2024-06,34.8105,1.3636,-1.8046
2024-07,35.4436,1.3882,-1.6405
2024-08,34.9196,1.8361,-0.8423
2024-09,35.6602,1.9354,-0.6371
2024-10,36.5872,1.5221,-1.2691
2024-11,37.3502,1.2564,-1.6392
2024-12,37.7112,1.263,-1.5342
2025-01,37.1292,1.1804,-1.6003
2025-02,37.1872,1.3572,-1.2242
2025-03,34.7848,1.6749,-0.6293
2025-04,32.6213,1.8767,-0.2287
2025-05,35.0767,1.4912,-0.8912
2025-06,36.1111,1.4485,-0.9215
2025-07,37.4742,1.3527,-1.0581
2025-08,37.8461,1.5006,-0.7332
2025-09,38.5804,1.6326,-0.4105
2025-10,39.2057,1.669,-0.2869
2025-11,39.1496,1.6298,-0.342
2025-12,39.5816,1.5851,-0.411
2026-01,39.6408,1.5323,-0.4935
2026-02,39.014,1.6929,-0.0359
2026-03,37.0316,1.7735,0.2263
2026-04,38.1383,1.6638,-0.0107
2026-05,40.1014,1.3988,-0.8108
2026-06,40.1502,1.3357,-1.0841
2026-07,40.0086,1.2302,-1.5641
2026-08,41.1198,1.0726,-2.2552
2026-09,40.5758,1.0101,-2.3686
