ticker,date,metric,yield_pct,z_score
GOOGL,2021-10,EY,,
GOOGL,2021-11,EY,,
GOOGL,2021-12,EY,,
GOOGL,2022-01,EY,,
GOOGL,2022-02,EY,,
GOOGL,2022-03,EY,,
GOOGL,2022-04,EY,3.994,
GOOGL,2022-05,EY,4.0062,
GOOGL,2022-06,EY,4.1826,
GOOGL,2022-07,EY,3.9181,
GOOGL,2022-08,EY,4.2113,
GOOGL,2022-09,EY,4.7648,
GOOGL,2022-10,EY,4.8222,2.2811
GOOGL,2022-11,EY,4.5128,0.7012
GOOGL,2022-12,EY,5.1655,2.6027
GOOGL,2023-01,EY,4.611,0.5153
GOOGL,2023-02,EY,5.0605,1.6112
GOOGL,2023-03,EY,4.3936,-0.1979
GOOGL,2023-04,EY,5.4039,2.3064
GOOGL,2023-05,EY,4.7209,0.3874
GOOGL,2023-06,EY,4.8459,0.6508
GOOGL,2023-07,EY,4.3705,-0.4648
GOOGL,2023-08,EY,4.2598,-0.7063
GOOGL,2023-09,EY,4.4327,-0.2642
GOOGL,2023-10,EY,4.6749,0.3354
GOOGL,2023-11,EY,4.3768,-0.4204
GOOGL,2023-12,EY,4.1525,-0.9813
GOOGL,2024-01,EY,4.1403,-0.9676
GOOGL,2024-02,EY,4.1894,-0.7999
GOOGL,2024-03,EY,5.3293,2.1799
GOOGL,2024-04,EY,4.9414,1.0122
GOOGL,2024-05,EY,4.6629,0.299
GOOGL,2024-06,EY,4.4159,-0.3152
GOOGL,2024-07,EY,4.689,0.3749
GOOGL,2024-08,EY,4.9232,0.9627
GOOGL,2024-09,EY,4.8499,0.7445
GOOGL,2024-10,EY,4.7008,0.3425
GOOGL,2024-11,EY,4.7609,0.4929
GOOGL,2024-12,EY,4.2491,-0.8661
GOOGL,2025-01,EY,3.9425,-1.655
GOOGL,2025-02,EY,4.7237,0.451
GOOGL,2025-03,EY,5.2015,1.6927
GOOGL,2025-04,EY,6.8054,5.7009
GOOGL,2025-05,EY,6.2927,3.1228
GOOGL,2025-06,EY,6.1323,2.4473
GOOGL,2025-07,EY,5.6316,1.3989
GOOGL,2025-08,EY,5.0759,0.4225
GOOGL,2025-09,EY,4.4455,-0.6473
GOOGL,2025-10,EY,3.8433,-1.6131
GOOGL,2025-11,EY,3.3753,-2.2553
GOOGL,2025-12,EY,3.4527,-1.9571
GOOGL,2026-01,EY,3.1973,-2.1679
GOOGL,2026-02,EY,3.4665,-1.6299
GOOGL,2026-03,EY,3.7582,-1.1448
GOOGL,2026-04,EY,2.8085,-2.3158
GOOGL,2026-05,EY,2.8414,-2.0682
GOOGL,2026-06,EY,3.024,-1.6906
GOOGL,2026-07,EY,3.0346,-1.5654
GOOGL,2026-08,EY,3.1846,-1.3153
GOOGL,2026-09,EY,3.1926,-1.2462
NVDA,2021-10,EY,,
NVDA,2021-11,EY,,
NVDA,2021-12,EY,,
NVDA,2022-01,EY,,
NVDA,2022-02,EY,,
NVDA,2022-03,EY,,
NVDA,2022-04,EY,,
NVDA,2022-05,EY,,
NVDA,2022-06,EY,,
NVDA,2022-07,EY,,
NVDA,2022-08,EY,,
NVDA,2022-09,EY,,
NVDA,2022-10,EY,,
NVDA,2022-11,EY,,
NVDA,2022-12,EY,,
NVDA,2023-01,EY,,
NVDA,2023-02,EY,,
NVDA,2023-03,EY,,
NVDA,2023-04,EY,0.6279,
NVDA,2023-05,EY,0.4605,
NVDA,2023-06,EY,0.4119,
NVDA,2023-07,EY,0.3729,
NVDA,2023-08,EY,0.353,
NVDA,2023-09,EY,0.4005,
NVDA,2023-10,EY,0.4272,-0.1153
NVDA,2023-11,EY,0.3725,-0.7527
NVDA,2023-12,EY,0.3518,-0.9329
NVDA,2024-01,EY,0.2832,-1.688
NVDA,2024-02,EY,0.2202,-2.1359
NVDA,2024-03,EY,1.3206,9.4351
NVDA,2024-04,EY,1.3811,3.3338
NVDA,2024-05,EY,1.0884,1.5362
NVDA,2024-06,EY,0.9659,1.0416
NVDA,2024-07,EY,1.0197,1.1157
NVDA,2024-08,EY,0.9996,0.9871
NVDA,2024-09,EY,0.9826,0.8859
NVDA,2024-10,EY,0.8988,0.6177
NVDA,2024-11,EY,0.8631,0.4977
NVDA,2024-12,EY,0.8886,0.5531
NVDA,2025-01,EY,0.9938,0.8342
NVDA,2025-02,EY,0.9552,0.6922
NVDA,2025-03,EY,1.101,1.0914
NVDA,2025-04,EY,2.6976,5.6447
NVDA,2025-05,EY,2.1744,2.6466
NVDA,2025-06,EY,1.8598,1.748
NVDA,2025-07,EY,1.6519,1.2713
NVDA,2025-08,EY,1.6869,1.273
NVDA,2025-09,EY,1.5748,1.0298
NVDA,2025-10,EY,1.4511,0.7882
NVDA,2025-11,EY,1.66,1.1193
NVDA,2025-12,EY,1.5755,0.9389
NVDA,2026-01,EY,1.5373,0.8484
NVDA,2026-02,EY,1.6582,1.0312
NVDA,2026-03,EY,1.6848,1.0461
NVDA,2026-04,EY,2.4542,2.3132
NVDA,2026-05,EY,2.3197,1.8865
NVDA,2026-06,EY,2.4478,1.95
NVDA,2026-07,EY,2.4398,1.7984
NVDA,2026-08,EY,2.2185,1.3565
NVDA,2026-09,EY,2.2438,1.3232
LLY,2021-10,EY,,
LLY,2021-11,EY,,
LLY,2021-12,EY,,
LLY,2022-01,EY,,
LLY,2022-02,EY,,
LLY,2022-03,EY,,
LLY,2022-04,EY,2.2498,
LLY,2022-05,EY,2.0968,
LLY,2022-06,EY,2.027,
LLY,2022-07,EY,1.9935,
LLY,2022-08,EY,2.1818,
LLY,2022-09,EY,2.0325,
LLY,2022-10,EY,1.8151,-3.078
LLY,2022-11,EY,1.7711,-2.1957
LLY,2022-12,EY,1.7965,-1.4577
LLY,2023-01,EY,1.9097,-0.5347
LLY,2023-02,EY,2.1118,0.8009
LLY,2023-03,EY,1.9138,-0.5575
LLY,2023-04,EY,1.4654,-3.5618
LLY,2023-05,EY,1.3508,-3.0092
LLY,2023-06,EY,1.237,-2.721
LLY,2023-07,EY,1.2762,-2.0161
LLY,2023-08,EY,1.0467,-2.4698
LLY,2023-09,EY,1.08,-1.9623
LLY,2023-10,EY,1.0473,-1.8165
LLY,2023-11,EY,0.9815,-1.7951
LLY,2023-12,EY,0.9952,-1.5914
LLY,2024-01,EY,0.8985,-1.688
LLY,2024-02,EY,0.7697,-1.8353
LLY,2024-03,EY,1.5057,-0.1294
LLY,2024-04,EY,1.4997,-0.1396
LLY,2024-05,EY,1.4279,-0.2938
LLY,2024-06,EY,1.2938,-0.5867
LLY,2024-07,EY,1.4565,-0.2049
LLY,2024-08,EY,1.2202,-0.7438
LLY,2024-09,EY,1.3222,-0.4877
LLY,2024-10,EY,1.4117,-0.2675
LLY,2024-11,EY,1.4728,-0.1175
LLY,2024-12,EY,1.5173,-0.0078
LLY,2025-01,EY,1.4442,-0.1873
LLY,2025-02,EY,1.2724,-0.6129
LLY,2025-03,EY,1.4183,-0.2337
LLY,2025-04,EY,2.5531,2.6631
LLY,2025-05,EY,3.1113,3.8804
LLY,2025-06,EY,2.9442,2.9218
LLY,2025-07,EY,3.1012,2.9104
LLY,2025-08,EY,3.1329,2.6432
LLY,2025-09,EY,3.008,2.2077
LLY,2025-10,EY,2.6599,1.5177
LLY,2025-11,EY,2.1341,0.668
LLY,2025-12,EY,2.1356,0.6517
LLY,2026-01,EY,2.2129,0.7466
LLY,2026-02,EY,2.1817,0.6847
LLY,2026-03,EY,2.4953,1.1318
LLY,2026-04,EY,2.4557,1.0349
LLY,2026-05,EY,2.077,0.4545
LLY,2026-06,EY,1.9135,0.198
LLY,2026-07,EY,1.9978,0.2919
LLY,2026-08,EY,1.9841,0.246
LLY,2026-09,EY,2.0571,0.3179
CAT,2021-10,FCF,,
CAT,2021-11,FCF,,
CAT,2021-12,FCF,,
CAT,2022-01,FCF,,
CAT,2022-02,FCF,,
CAT,2022-03,FCF,,
CAT,2022-04,FCF,4.627,
CAT,2022-05,FCF,4.5132,
CAT,2022-06,FCF,5.4496,
CAT,2022-07,FCF,4.9138,
CAT,2022-08,FCF,5.2741,
CAT,2022-09,FCF,5.9372,
CAT,2022-10,FCF,4.5005,-1.2568
CAT,2022-11,FCF,4.1207,-1.8038
CAT,2022-12,FCF,4.0665,-1.5194
CAT,2023-01,FCF,3.8613,-1.6248
CAT,2023-02,FCF,4.0667,-1.0456
CAT,2023-03,FCF,4.257,-0.6491
CAT,2023-04,FCF,8.7145,6.6438
CAT,2023-05,FCF,9.2673,3.4912
CAT,2023-06,FCF,7.7494,1.5292
CAT,2023-07,FCF,7.1906,1.0443
CAT,2023-08,FCF,6.7824,0.7376
CAT,2023-09,FCF,6.9844,0.8253
CAT,2023-10,FCF,8.435,1.6642
CAT,2023-11,FCF,7.605,1.0317
CAT,2023-12,FCF,6.4489,0.3092
CAT,2024-01,FCF,6.3492,0.242
CAT,2024-02,FCF,5.7095,-0.1517
CAT,2024-03,FCF,4.9183,-0.6384
CAT,2024-04,FCF,5.3866,-0.3258
CAT,2024-05,FCF,5.3238,-0.3588
CAT,2024-06,FCF,5.4104,-0.2946
CAT,2024-07,FCF,5.2057,-0.4241
CAT,2024-08,FCF,5.061,-0.5123
CAT,2024-09,FCF,4.6078,-0.8093
CAT,2024-10,FCF,4.7906,-0.6621
CAT,2024-11,FCF,4.4377,-0.8905
CAT,2024-12,FCF,4.968,-0.4981
CAT,2025-01,FCF,4.8519,-0.5701
CAT,2025-02,FCF,5.2397,-0.2842
CAT,2025-03,FCF,5.4645,-0.1183
CAT,2025-04,FCF,5.1024,-0.3804
CAT,2025-05,FCF,4.5342,-0.8082
CAT,2025-06,FCF,4.0649,-1.1526
CAT,2025-07,FCF,3.6026,-1.4377
CAT,2025-08,FCF,3.7658,-1.2629
CAT,2025-09,FCF,3.3072,-1.5237
CAT,2025-10,FCF,2.7336,-1.8147
CAT,2025-11,FCF,2.7408,-1.7106
CAT,2025-12,FCF,2.7546,-1.6275
CAT,2026-01,FCF,2.4005,-1.7776
CAT,2026-02,FCF,2.1243,-1.8612
CAT,2026-03,FCF,2.2274,-1.7012
CAT,2026-04,FCF,1.7728,-1.8619
CAT,2026-05,FCF,1.8017,-1.7575
CAT,2026-06,FCF,1.4819,-1.9005
CAT,2026-07,FCF,1.9367,-1.5311
CAT,2026-08,FCF,1.9788,-1.4255
CAT,2026-09,FCF,1.9278,-1.3777
LIN,2021-10,FCF,,
LIN,2021-11,FCF,,
LIN,2021-12,FCF,,
LIN,2022-01,FCF,,
LIN,2022-02,FCF,,
LIN,2022-03,FCF,,
LIN,2022-04,FCF,3.6193,
LIN,2022-05,FCF,3.4775,
LIN,2022-06,FCF,3.9268,
LIN,2022-07,FCF,3.7387,
LIN,2022-08,FCF,3.9917,
LIN,2022-09,FCF,4.1881,
LIN,2022-10,FCF,3.7971,-0.1114
LIN,2022-11,FCF,3.3556,-2.1034
LIN,2022-12,FCF,3.4615,-1.1671
LIN,2023-01,FCF,3.4117,-1.2167
LIN,2023-02,FCF,3.241,-1.7224
LIN,2023-03,FCF,3.1766,-1.6842
LIN,2023-04,FCF,3.0339,-1.9215
LIN,2023-05,FCF,3.1694,-1.2181
LIN,2023-06,FCF,2.9413,-1.7991
LIN,2023-07,FCF,2.8691,-1.7793
LIN,2023-08,FCF,2.896,-1.5027
LIN,2023-09,FCF,3.0103,-1.0761
LIN,2023-10,FCF,2.933,-1.2117
LIN,2023-11,FCF,2.709,-1.7047
LIN,2023-12,FCF,2.7291,-1.5035
LIN,2024-01,FCF,2.7688,-1.3003
LIN,2024-02,FCF,2.4974,-1.858
LIN,2024-03,FCF,2.2006,-2.3552
LIN,2024-04,FCF,2.3172,-1.839
LIN,2024-05,FCF,2.3462,-1.6342
LIN,2024-06,FCF,2.3286,-1.5596
LIN,2024-07,FCF,2.2531,-1.6062
LIN,2024-08,FCF,2.1365,-1.7207
LIN,2024-09,FCF,2.1428,-1.5996
LIN,2024-10,FCF,2.24,-1.3427
LIN,2024-11,FCF,2.2165,-1.324
LIN,2024-12,FCF,2.4406,-0.8928
LIN,2025-01,FCF,2.2904,-1.1216
LIN,2025-02,FCF,2.1878,-1.2574
LIN,2025-03,FCF,2.1944,-1.2012
LIN,2025-04,FCF,2.3743,-0.8634
LIN,2025-05,FCF,2.3014,-0.9374
LIN,2025-06,FCF,2.2936,-0.8995
LIN,2025-07,FCF,2.338,-0.7795
LIN,2025-08,FCF,2.2499,-0.8957
LIN,2025-09,FCF,2.2655,-0.8348
LIN,2025-10,FCF,2.5725,-0.1535
LIN,2025-11,FCF,2.6226,0.0352
LIN,2025-12,FCF,2.5237,-0.1644
LIN,2026-01,FCF,2.3548,-0.5736
LIN,2026-02,FCF,2.118,-1.2475
LIN,2026-03,FCF,2.1706,-1.0443
LIN,2026-04,FCF,2.1473,-1.0878
LIN,2026-05,FCF,2.1622,-0.9918
LIN,2026-06,FCF,2.0736,-1.3071
LIN,2026-07,FCF,2.2494,-0.5738
LIN,2026-08,FCF,2.198,-0.7415
LIN,2026-09,FCF,2.3081,-0.2252
GE,2021-10,FCF,,
GE,2021-11,FCF,,
GE,2021-12,FCF,,
GE,2022-01,FCF,,
GE,2022-02,FCF,,
GE,2022-03,FCF,,
GE,2022-04,FCF,10.3232,
GE,2022-05,FCF,9.8301,
GE,2022-06,FCF,12.0873,
GE,2022-07,FCF,10.4126,
GE,2022-08,FCF,10.4792,
GE,2022-09,FCF,12.4309,
GE,2022-10,FCF,9.8907,-1.069
GE,2022-11,FCF,8.9519,-1.8873
GE,2022-12,FCF,9.1848,-1.2546
GE,2023-01,FCF,7.4649,-2.637
GE,2023-02,FCF,7.0922,-2.1925
GE,2023-03,FCF,6.2843,-2.2582
GE,2023-04,FCF,4.9847,-2.5351
GE,2023-05,FCF,4.859,-2.052
GE,2023-06,FCF,4.491,-1.8926
GE,2023-07,FCF,4.3184,-1.712
GE,2023-08,FCF,4.3101,-1.5271
GE,2023-09,FCF,4.4625,-1.3331
GE,2023-10,FCF,4.5414,-1.2075
GE,2023-11,FCF,4.0504,-1.3084
GE,2023-12,FCF,3.8653,-1.2892
GE,2024-01,FCF,3.7255,-1.2597
GE,2024-02,FCF,3.1445,-1.3884
GE,2024-03,FCF,2.3988,-1.556
GE,2024-04,FCF,2.0767,-1.5577
GE,2024-05,FCF,2.0349,-1.4705
GE,2024-06,FCF,2.1139,-1.3607
GE,2024-07,FCF,1.9744,-1.3348
GE,2024-08,FCF,1.9244,-1.2862
GE,2024-09,FCF,1.782,-1.2724
GE,2024-10,FCF,1.9563,-1.1663
GE,2024-11,FCF,1.8448,-1.1562
GE,2024-12,FCF,2.0148,-1.0645
GE,2025-01,FCF,1.6508,-1.1386
GE,2025-02,FCF,1.6236,-1.1089
GE,2025-03,FCF,1.679,-1.0579
GE,2025-04,FCF,3.3748,-0.5288
GE,2025-05,FCF,2.7658,-0.6712
GE,2025-06,FCF,2.6425,-0.6664
GE,2025-07,FCF,2.509,-0.6744
GE,2025-08,FCF,2.4715,-0.647
GE,2025-09,FCF,2.261,-0.6878
GE,2025-10,FCF,2.2015,-0.7089
GE,2025-11,FCF,2.2789,-0.6474
GE,2025-12,FCF,2.2081,-0.6577
GE,2026-01,FCF,2.217,-0.6446
GE,2026-02,FCF,1.9872,-0.7878
GE,2026-03,FCF,2.3968,-0.4382
GE,2026-04,FCF,2.3459,-0.4435
GE,2026-05,FCF,2.1008,-0.6479
GE,2026-06,FCF,1.8199,-0.9151
GE,2026-07,FCF,1.8889,-0.7974
GE,2026-08,FCF,2.026,-0.5929
GE,2026-09,FCF,2.1014,-0.455
AMZN,2021-10,Revenue,,
AMZN,2021-11,Revenue,,
AMZN,2021-12,Revenue,,
AMZN,2022-01,Revenue,,
AMZN,2022-02,Revenue,,
AMZN,2022-03,Revenue,,
AMZN,2022-04,Revenue,40.5892,
AMZN,2022-05,Revenue,41.9641,
AMZN,2022-06,Revenue,47.4954,
AMZN,2022-07,Revenue,37.3804,
AMZN,2022-08,Revenue,39.7925,
AMZN,2022-09,Revenue,44.6415,
AMZN,2022-10,Revenue,49.2434,2.2012
AMZN,2022-11,Revenue,52.2528,2.3236
AMZN,2022-12,Revenue,60.0534,3.3003
AMZN,2023-01,Revenue,48.9139,0.4416
AMZN,2023-02,Revenue,53.5338,1.1299
AMZN,2023-03,Revenue,48.8381,0.2983
AMZN,2023-04,Revenue,51.9518,0.7824
AMZN,2023-05,Revenue,45.433,-0.3255
AMZN,2023-06,Revenue,42.0245,-0.8855
AMZN,2023-07,Revenue,40.9808,-1.0111
AMZN,2023-08,Revenue,39.6951,-1.1675
AMZN,2023-09,Revenue,43.0956,-0.5169
AMZN,2023-10,Revenue,41.1625,-0.8313
AMZN,2023-11,Revenue,37.4996,-1.431
AMZN,2023-12,Revenue,36.0558,-1.5734
AMZN,2024-01,Revenue,35.2984,-1.5768
AMZN,2024-02,Revenue,30.993,-2.1473
AMZN,2024-03,Revenue,32.989,-1.6195
AMZN,2024-04,Revenue,34.0032,-1.3588
AMZN,2024-05,Revenue,33.7257,-1.3242
AMZN,2024-06,Revenue,30.792,-1.6687
AMZN,2024-07,Revenue,31.8246,-1.4184
AMZN,2024-08,Revenue,33.3364,-1.1428
AMZN,2024-09,Revenue,31.9356,-1.2853
AMZN,2024-10,Revenue,31.9236,-1.2319
AMZN,2024-11,Revenue,28.6236,-1.6159
AMZN,2024-12,Revenue,27.1232,-1.7214
AMZN,2025-01,Revenue,25.036,-1.8838
AMZN,2025-02,Revenue,28.0316,-1.4056
AMZN,2025-03,Revenue,31.2759,-0.9624
AMZN,2025-04,Revenue,35.9052,-0.3863
AMZN,2025-05,Revenue,32.2991,-0.7986
AMZN,2025-06,Revenue,30.182,-1.0114
AMZN,2025-07,Revenue,28.2843,-1.1812
AMZN,2025-08,Revenue,28.9154,-1.057
AMZN,2025-09,Revenue,30.1573,-0.8655
AMZN,2025-10,Revenue,27.1134,-1.1671
AMZN,2025-11,Revenue,28.3922,-0.9595
AMZN,2025-12,Revenue,28.6874,-0.8802
AMZN,2026-01,Revenue,27.6708,-1.0157
AMZN,2026-02,Revenue,31.5316,-0.4289
AMZN,2026-03,Revenue,31.7935,-0.3421
AMZN,2026-04,Revenue,24.9816,-1.4574
AMZN,2026-05,Revenue,24.4666,-1.6205
AMZN,2026-06,Revenue,27.7823,-0.9095
AMZN,2026-07,Revenue,24.3819,-1.6169
AMZN,2026-08,Revenue,25.4904,-1.3067
AMZN,2026-09,Revenue,25.7872,-1.187
WMT,2021-10,EY,,
WMT,2021-11,EY,,
WMT,2021-12,EY,,
WMT,2022-01,EY,,
WMT,2022-02,EY,,
WMT,2022-03,EY,,
WMT,2022-04,EY,,
WMT,2022-05,EY,,
WMT,2022-06,EY,,
WMT,2022-07,EY,,
WMT,2022-08,EY,,
WMT,2022-09,EY,,
WMT,2022-10,EY,,
WMT,2022-11,EY,,
WMT,2022-12,EY,,
WMT,2023-01,EY,,
WMT,2023-02,EY,,
WMT,2023-03,EY,,
WMT,2023-04,EY,2.8298,
WMT,2023-05,EY,2.9088,
WMT,2023-06,EY,2.718,
WMT,2023-07,EY,2.6724,
WMT,2023-08,EY,2.6272,
WMT,2023-09,EY,2.6712,
WMT,2023-10,EY,2.6144,-1.2457
WMT,2023-11,EY,2.744,0.2339
WMT,2023-12,EY,2.7099,-0.1401
WMT,2024-01,EY,2.5853,-1.5181
WMT,2024-02,EY,2.4297,-2.9424
WMT,2024-03,EY,3.179,4.1148
WMT,2024-04,EY,3.2229,2.7822
WMT,2024-05,EY,2.9088,0.6723
WMT,2024-06,EY,2.825,0.2444
WMT,2024-07,EY,2.7867,0.05
WMT,2024-08,EY,2.4768,-1.504
WMT,2024-09,EY,2.3688,-1.8944
WMT,2024-10,EY,2.3341,-1.8391
WMT,2024-11,EY,2.0679,-2.7976
WMT,2024-12,EY,2.1171,-2.1271
WMT,2025-01,EY,1.9487,-2.4703
WMT,2025-02,EY,1.9398,-2.1635
WMT,2025-03,EY,2.1789,-1.2251
WMT,2025-04,EY,2.4732,-0.305
WMT,2025-05,EY,2.4363,-0.4077
WMT,2025-06,EY,2.4598,-0.3278
WMT,2025-07,EY,2.4547,-0.3364
WMT,2025-08,EY,2.48,-0.2507
WMT,2025-09,EY,2.3337,-0.7104
WMT,2025-10,EY,2.3771,-0.5539
WMT,2025-11,EY,2.1764,-1.1921
WMT,2025-12,EY,2.1588,-1.2047
WMT,2026-01,EY,2.0188,-1.6093
WMT,2026-02,EY,1.8798,-1.9635
WMT,2026-03,EY,1.9353,-1.6694
WMT,2026-04,EY,2.0686,-1.193
WMT,2026-05,EY,2.3578,-0.2782
WMT,2026-06,EY,2.4096,-0.083
WMT,2026-07,EY,2.4542,0.0782
WMT,2026-08,EY,2.6024,0.5521
WMT,2026-09,EY,2.547,0.3848
XOM,2021-10,FCF,,
XOM,2021-11,FCF,,
XOM,2021-12,FCF,,
XOM,2022-01,FCF,,
XOM,2022-02,FCF,,
XOM,2022-03,FCF,,
XOM,2022-04,FCF,16.2884,
XOM,2022-05,FCF,14.4644,
XOM,2022-06,FCF,16.2142,
XOM,2022-07,FCF,14.3256,
XOM,2022-08,FCF,14.5265,
XOM,2022-09,FCF,15.9041,
XOM,2022-10,FCF,12.5312,-3.2101
XOM,2022-11,FCF,12.4716,-1.9379
XOM,2022-12,FCF,12.5892,-1.4125
XOM,2023-01,FCF,11.9695,-1.6244
XOM,2023-02,FCF,12.6338,-0.949
XOM,2023-03,FCF,12.6626,-0.8515
XOM,2023-04,FCF,6.9758,-4.4845
XOM,2023-05,FCF,8.0791,-2.2325
XOM,2023-06,FCF,7.6971,-1.9916
XOM,2023-07,FCF,7.6979,-1.7108
XOM,2023-08,FCF,7.4244,-1.6133
XOM,2023-09,FCF,7.0209,-1.5853
XOM,2023-10,FCF,7.7989,-1.2057
XOM,2023-11,FCF,8.035,-1.0597
XOM,2023-12,FCF,8.2568,-0.9381
XOM,2024-01,FCF,8.0296,-0.9657
XOM,2024-02,FCF,7.8982,-0.964
XOM,2024-03,FCF,6.1481,-1.4571
XOM,2024-04,FCF,6.0426,-1.3987
XOM,2024-05,FCF,6.0946,-1.3045
XOM,2024-06,FCF,6.2079,-1.2065
XOM,2024-07,FCF,6.0263,-1.2054
XOM,2024-08,FCF,6.0595,-1.1447
XOM,2024-09,FCF,6.0967,-1.0896
XOM,2024-10,FCF,6.1197,-1.0442
XOM,2024-11,FCF,6.0585,-1.0269
XOM,2024-12,FCF,6.6437,-0.8289
XOM,2025-01,FCF,6.6897,-0.7948
XOM,2025-02,FCF,6.4193,-0.8532
XOM,2025-03,FCF,6.0091,-0.9502
XOM,2025-04,FCF,5.1924,-1.1603
XOM,2025-05,FCF,5.3614,-1.0696
XOM,2025-06,FCF,5.0878,-1.1045
XOM,2025-07,FCF,4.9128,-1.1373
XOM,2025-08,FCF,4.7989,-1.1347
XOM,2025-09,FCF,4.8645,-1.0797
XOM,2025-10,FCF,4.796,-1.1253
XOM,2025-11,FCF,4.7314,-1.1158
XOM,2025-12,FCF,4.5577,-1.1665
XOM,2026-01,FCF,3.8788,-1.4946
XOM,2026-02,FCF,3.5965,-1.6353
XOM,2026-03,FCF,3.2328,-1.9356
XOM,2026-04,FCF,3.5539,-1.9325
XOM,2026-05,FCF,3.7758,-1.6249
XOM,2026-06,FCF,4.0116,-1.3651
XOM,2026-07,FCF,3.5285,-1.6382
XOM,2026-08,FCF,3.4077,-1.6284
XOM,2026-09,FCF,3.3042,-1.6027
NEE,2021-10,FCF,,
NEE,2021-11,FCF,,
NEE,2021-12,FCF,,
NEE,2022-01,FCF,,
NEE,2022-02,FCF,,
NEE,2022-03,FCF,,
NEE,2022-04,FCF,-1.0488,
NEE,2022-05,FCF,-0.9841,
NEE,2022-06,FCF,-0.9616,
NEE,2022-07,FCF,-0.8816,
NEE,2022-08,FCF,-0.8757,
NEE,2022-09,FCF,-0.9499,
NEE,2022-10,FCF,-0.9611,-0.1818
NEE,2022-11,FCF,-0.8794,1.3111
NEE,2022-12,FCF,-0.891,0.9095
NEE,2023-01,FCF,-0.998,-1.0879
NEE,2023-02,FCF,-1.0486,-1.8745
NEE,2023-03,FCF,-0.9663,-0.221
NEE,2023-04,FCF,1.1263,35.1698
NEE,2023-05,FCF,1.175,3.5333
NEE,2023-06,FCF,1.1632,2.4596
NEE,2023-07,FCF,1.1775,2.0228
NEE,2023-08,FCF,1.2921,1.8727
NEE,2023-09,FCF,1.5066,1.8737
NEE,2023-10,FCF,1.4805,1.6405
NEE,2023-11,FCF,1.4752,1.4895
NEE,2023-12,FCF,1.421,1.3286
NEE,2024-01,FCF,1.4722,1.2907
NEE,2024-02,FCF,1.5639,1.2962
NEE,2024-03,FCF,3.6066,2.9895
NEE,2024-04,FCF,3.4418,2.3739
NEE,2024-05,FCF,2.8805,1.7111
NEE,2024-06,FCF,3.2552,1.8424
NEE,2024-07,FCF,3.0174,1.5506
NEE,2024-08,FCF,2.863,1.3638
NEE,2024-09,FCF,2.7268,1.2144
NEE,2024-10,FCF,2.9085,1.2779
NEE,2024-11,FCF,2.93,1.2384
NEE,2024-12,FCF,3.2152,1.364
NEE,2025-01,FCF,3.2211,1.3103
NEE,2025-02,FCF,3.2849,1.2974
NEE,2025-03,FCF,3.2515,1.2294
NEE,2025-04,FCF,2.3049,0.6335
NEE,2025-05,FCF,2.1822,0.5179
NEE,2025-06,FCF,2.2206,0.5004
NEE,2025-07,FCF,2.1693,0.4266
NEE,2025-08,FCF,2.1395,0.3655
NEE,2025-09,FCF,2.042,0.2569
NEE,2025-10,FCF,1.8938,0.1058
NEE,2025-11,FCF,1.7864,-0.0272
NEE,2025-12,FCF,1.9202,0.0184
NEE,2026-01,FCF,1.7537,-0.1888
NEE,2026-02,FCF,1.6439,-0.3845
NEE,2026-03,FCF,1.6597,-0.5044
NEE,2026-04,FCF,1.5749,-0.8122
NEE,2026-05,FCF,1.7717,-0.5831
NEE,2026-06,FCF,1.7563,-0.6394
NEE,2026-07,FCF,1.7735,-0.654
NEE,2026-08,FCF,1.8721,-0.554
NEE,2026-09,FCF,1.8728,-0.5893
PLD,2021-10,FCF,,
PLD,2021-11,FCF,,
PLD,2021-12,FCF,,
PLD,2022-01,FCF,,
PLD,2022-02,FCF,,
PLD,2022-03,FCF,,
PLD,2022-04,FCF,3.1719,
PLD,2022-05,FCF,3.9883,
PLD,2022-06,FCF,4.3215,
PLD,2022-07,FCF,3.8354,
PLD,2022-08,FCF,4.0834,
PLD,2022-09,FCF,5.0042,
PLD,2022-10,FCF,4.5907,0.9542
PLD,2022-11,FCF,4.3163,0.3227
PLD,2022-12,FCF,4.5101,0.6812
PLD,2023-01,FCF,3.9327,-0.549
PLD,2023-02,FCF,4.1201,-0.117
PLD,2023-03,FCF,4.0749,-0.2117
PLD,2023-04,FCF,4.5072,0.7963
PLD,2023-05,FCF,4.5325,0.8066
PLD,2023-06,FCF,4.6035,0.9288
PLD,2023-07,FCF,4.5253,0.685
PLD,2023-08,FCF,4.5453,0.7027
PLD,2023-09,FCF,5.031,1.8764
PLD,2023-10,FCF,5.6032,3.0031
PLD,2023-11,FCF,4.9119,1.0421
PLD,2023-12,FCF,4.235,-0.3462
PLD,2024-01,FCF,4.456,0.1085
PLD,2024-02,FCF,4.236,-0.3478
PLD,2024-03,FCF,3.9558,-0.9285
PLD,2024-04,FCF,5.0478,1.4123
PLD,2024-05,FCF,4.6622,0.5321
PLD,2024-06,FCF,4.5867,0.36
PLD,2024-07,FCF,4.0867,-0.7165
PLD,2024-08,FCF,4.0301,-0.8194
PLD,2024-09,FCF,4.0792,-0.6893
PLD,2024-10,FCF,4.5611,0.3832
PLD,2024-11,FCF,4.4111,0.0429
PLD,2024-12,FCF,4.8735,1.0859
PLD,2025-01,FCF,4.3197,-0.1965
PLD,2025-02,FCF,4.1569,-0.5655
PLD,2025-03,FCF,4.608,0.4861
PLD,2025-04,FCF,5.1217,1.6761
PLD,2025-05,FCF,4.8198,0.9266
PLD,2025-06,FCF,4.9794,1.2881
PLD,2025-07,FCF,4.902,1.0212
PLD,2025-08,FCF,4.6004,0.1877
PLD,2025-09,FCF,4.5707,0.0743
PLD,2025-10,FCF,4.2182,-0.8481
PLD,2025-11,FCF,4.0725,-1.2045
PLD,2025-12,FCF,4.1002,-1.0944
PLD,2026-01,FCF,4.0092,-1.2848
PLD,2026-02,FCF,3.6714,-2.1873
PLD,2026-03,FCF,3.96,-1.3295
PLD,2026-04,FCF,3.6856,-1.9888
PLD,2026-05,FCF,3.6484,-1.9246
PLD,2026-06,FCF,3.8638,-1.2969
PLD,2026-07,FCF,3.6196,-1.7636
PLD,2026-08,FCF,3.741,-1.3855
PLD,2026-09,FCF,3.8559,-1.0695
JPM,2021-10,EY,,
JPM,2021-11,EY,,
JPM,2021-12,EY,,
JPM,2022-01,EY,,
JPM,2022-02,EY,,
JPM,2022-03,EY,,
JPM,2022-04,EY,10.628,
JPM,2022-05,EY,9.5935,
JPM,2022-06,EY,11.265,
JPM,2022-07,EY,10.9965,
JPM,2022-08,EY,11.1541,
JPM,2022-09,EY,12.1393,
JPM,2022-10,EY,10.0775,-1.159
JPM,2022-11,EY,9.1804,-2.1449
JPM,2022-12,EY,9.4597,-1.2905
JPM,2023-01,EY,9.0637,-1.5435
JPM,2023-02,EY,8.8493,-1.5342
JPM,2023-03,EY,9.7349,-0.4691
JPM,2023-04,EY,12.1793,2.0076
JPM,2023-05,EY,12.4064,1.8924
JPM,2023-06,EY,11.5764,0.9259
JPM,2023-07,EY,10.6588,0.0895
JPM,2023-08,EY,11.506,0.8307
JPM,2023-09,EY,11.6099,0.8823
JPM,2023-10,EY,12.1075,1.2844
JPM,2023-11,EY,10.7872,0.0358
JPM,2023-12,EY,9.8981,-0.7689
JPM,2024-01,EY,9.6563,-0.961
JPM,2024-02,EY,9.0491,-1.476
JPM,2024-03,EY,10.1395,-0.4035
JPM,2024-04,EY,10.5922,0.0189
JPM,2024-05,EY,10.0229,-0.511
JPM,2024-06,EY,10.0413,-0.4813
JPM,2024-07,EY,9.5439,-0.9466
JPM,2024-08,EY,9.0345,-1.4041
JPM,2024-09,EY,9.6317,-0.7704
JPM,2024-10,EY,9.1517,-1.2072
JPM,2024-11,EY,8.1329,-2.1244
JPM,2024-12,EY,8.4725,-1.6518
JPM,2025-01,EY,7.598,-2.3312
JPM,2025-02,EY,7.6741,-2.0696
JPM,2025-03,EY,8.2794,-1.4456
JPM,2025-04,EY,8.3844,-1.3037
JPM,2025-05,EY,7.7689,-1.703
JPM,2025-06,EY,7.0745,-2.1169
JPM,2025-07,EY,6.9234,-2.0518
JPM,2025-08,EY,6.8044,-1.968
JPM,2025-09,EY,6.5022,-2.0173
JPM,2025-10,EY,6.5922,-1.8329
JPM,2025-11,EY,6.551,-1.7256
JPM,2025-12,EY,6.3652,-1.7273
JPM,2026-01,EY,6.705,-1.418
JPM,2026-02,EY,6.8298,-1.2746
JPM,2026-03,EY,6.9723,-1.1391
JPM,2026-04,EY,6.5478,-1.3095
JPM,2026-05,EY,6.8524,-1.0842
JPM,2026-06,EY,6.2658,-1.3805
JPM,2026-07,EY,5.8301,-1.5714
JPM,2026-08,EY,5.7609,-1.5191
JPM,2026-09,EY,5.7575,-1.4543
BRK-B,2021-10,Revenue,,
BRK-B,2021-11,Revenue,,
BRK-B,2021-12,Revenue,,
BRK-B,2022-01,Revenue,,
BRK-B,2022-02,Revenue,,
BRK-B,2022-03,Revenue,,
BRK-B,2022-04,Revenue,32.9147,
BRK-B,2022-05,Revenue,33.6283,
BRK-B,2022-06,Revenue,38.9197,
BRK-B,2022-07,Revenue,35.3488,
BRK-B,2022-08,Revenue,37.8414,
BRK-B,2022-09,Revenue,39.7943,
BRK-B,2022-10,Revenue,36.0089,-0.1529
BRK-B,2022-11,Revenue,33.3517,-1.239
BRK-B,2022-12,Revenue,34.399,-0.6379
BRK-B,2023-01,Revenue,34.1097,-0.7097
BRK-B,2023-02,Revenue,34.8183,-0.3511
BRK-B,2023-03,Revenue,34.4135,-0.5151
BRK-B,2023-04,Revenue,61.528,12.1231
BRK-B,2023-05,Revenue,62.9595,3.5179
BRK-B,2023-06,Revenue,59.2816,2.086
BRK-B,2023-07,Revenue,57.4356,1.5988
BRK-B,2023-08,Revenue,56.1217,1.3176
BRK-B,2023-09,Revenue,57.7078,1.3596
BRK-B,2023-10,Revenue,59.2243,1.3913
BRK-B,2023-11,Revenue,56.1528,1.0264
BRK-B,2023-12,Revenue,56.6787,1.0202
BRK-B,2024-01,Revenue,52.679,0.6283
BRK-B,2024-02,Revenue,49.3772,0.3207
BRK-B,2024-03,Revenue,46.7791,0.082
BRK-B,2024-04,Revenue,49.5842,0.335
BRK-B,2024-05,Revenue,47.4699,0.132
BRK-B,2024-06,Revenue,48.3568,0.213
BRK-B,2024-07,Revenue,44.8609,-0.1267
BRK-B,2024-08,Revenue,41.3337,-0.469
BRK-B,2024-09,Revenue,42.74,-0.3198
BRK-B,2024-10,Revenue,43.6253,-0.2248
BRK-B,2024-11,Revenue,40.7261,-0.5172
BRK-B,2024-12,Revenue,43.3982,-0.2307
BRK-B,2025-01,Revenue,41.9731,-0.3765
BRK-B,2025-02,Revenue,38.2841,-0.762
BRK-B,2025-03,Revenue,36.9363,-0.889
BRK-B,2025-04,Revenue,35.6852,-1.0013
BRK-B,2025-05,Revenue,37.7592,-0.7947
BRK-B,2025-06,Revenue,39.1732,-0.6625
BRK-B,2025-07,Revenue,40.3262,-0.5371
BRK-B,2025-08,Revenue,37.8328,-0.8363
BRK-B,2025-09,Revenue,37.8509,-0.8343
BRK-B,2025-10,Revenue,39.8483,-0.6037
BRK-B,2025-11,Revenue,37.0354,-0.9359
BRK-B,2025-12,Revenue,37.8576,-0.8669
BRK-B,2026-01,Revenue,39.6003,-0.6884
BRK-B,2026-02,Revenue,37.6852,-0.9422
BRK-B,2026-03,Revenue,39.7102,-0.7227
BRK-B,2026-04,Revenue,40.1798,-0.6975
BRK-B,2026-05,Revenue,40.1053,-0.6652
BRK-B,2026-06,Revenue,38.0286,-0.9074
BRK-B,2026-07,Revenue,37.1997,-0.9849
BRK-B,2026-08,Revenue,37.754,-0.8609
BRK-B,2026-09,Revenue,37.285,-0.8908
JNJ,2021-10,EY,,
JNJ,2021-11,EY,,
JNJ,2021-12,EY,,
JNJ,2022-01,EY,,
JNJ,2022-02,EY,,
JNJ,2022-03,EY,,
JNJ,2022-04,EY,3.7321,
JNJ,2022-05,EY,3.7514,
JNJ,2022-06,EY,3.7941,
JNJ,2022-07,EY,3.8591,
JNJ,2022-08,EY,4.1743,
JNJ,2022-09,EY,4.1227,
JNJ,2022-10,EY,3.8713,-0.194
JNJ,2022-11,EY,3.7836,-0.7127
JNJ,2022-12,EY,3.8125,-0.464
JNJ,2023-01,EY,4.1212,1.6095
JNJ,2023-02,EY,4.3944,3.0586
JNJ,2023-03,EY,4.3451,1.9074
JNJ,2023-04,EY,8.387,19.3186
JNJ,2023-05,EY,8.8543,3.7965
JNJ,2023-06,EY,8.2948,2.2268
JNJ,2023-07,EY,8.1952,1.8105
JNJ,2023-08,EY,8.4918,1.7497
JNJ,2023-09,EY,8.8151,1.7206
JNJ,2023-10,EY,9.2554,1.7546
JNJ,2023-11,EY,8.8772,1.4164
JNJ,2023-12,EY,8.7594,1.2649
JNJ,2024-01,EY,8.6403,1.1389
JNJ,2024-02,EY,8.5076,1.0246
JNJ,2024-03,EY,3.6601,-1.088
JNJ,2024-04,EY,4.0044,-0.8933
JNJ,2024-05,EY,3.9476,-0.8859
JNJ,2024-06,EY,3.9613,-0.8499
JNJ,2024-07,EY,3.668,-0.9498
JNJ,2024-08,EY,3.4908,-0.9947
JNJ,2024-09,EY,3.5727,-0.9257
JNJ,2024-10,EY,3.6219,-0.876
JNJ,2024-11,EY,3.7352,-0.8019
JNJ,2024-12,EY,4.0035,-0.6637
JNJ,2025-01,EY,3.8054,-0.7369
JNJ,2025-02,EY,3.5086,-0.8526
JNJ,2025-03,EY,3.4913,-0.8395
JNJ,2025-04,EY,7.0585,0.7845
JNJ,2025-05,EY,7.1085,0.7649
JNJ,2025-06,EY,7.223,0.7748
JNJ,2025-07,EY,6.6973,0.496
JNJ,2025-08,EY,6.2275,0.2505
JNJ,2025-09,EY,5.9504,0.0999
JNJ,2025-10,EY,5.8417,0.0275
JNJ,2025-11,EY,5.3321,-0.2339
JNJ,2025-12,EY,5.3313,-0.2574
JNJ,2026-01,EY,4.8551,-0.5071
JNJ,2026-02,EY,4.4412,-0.7183
JNJ,2026-03,EY,4.5137,-0.6846
JNJ,2026-04,EY,4.8002,-0.5505
JNJ,2026-05,EY,4.8965,-0.464
JNJ,2026-06,EY,4.3443,-0.6996
JNJ,2026-07,EY,4.304,-0.6768
JNJ,2026-08,EY,4.1502,-0.7139
JNJ,2026-09,EY,4.1544,-0.6679
META,2021-10,EY,,
META,2021-11,EY,,
META,2021-12,EY,,
META,2022-01,EY,,
META,2022-02,EY,,
META,2022-03,EY,,
META,2022-04,EY,4.2831,
META,2022-05,EY,4.4341,
META,2022-06,EY,5.3248,
META,2022-07,EY,5.3968,
META,2022-08,EY,5.2699,
META,2022-09,EY,6.3283,
META,2022-10,EY,9.2167,5.9675
META,2022-11,EY,7.2703,0.9819
META,2022-12,EY,7.135,0.7794
META,2023-01,EY,5.7637,-0.2073
META,2023-02,EY,4.9081,-0.799
META,2023-03,EY,4.0513,-1.3562
META,2023-04,EY,6.1883,0.284
META,2023-05,EY,5.6179,-0.1415
META,2023-06,EY,5.1822,-0.4638
META,2023-07,EY,4.6679,-0.8423
META,2023-08,EY,5.0261,-0.5183
META,2023-09,EY,4.9538,-0.5567
META,2023-10,EY,4.9364,-0.5506
META,2023-11,EY,4.5459,-0.856
META,2023-12,EY,4.2016,-1.1076
META,2024-01,EY,3.8119,-1.3754
META,2024-02,EY,3.0343,-1.9262
META,2024-03,EY,4.9129,-0.2888
META,2024-04,EY,5.5458,0.219
META,2024-05,EY,5.1102,-0.1373
META,2024-06,EY,4.7313,-0.4466
META,2024-07,EY,5.0241,-0.1919
META,2024-08,EY,4.5762,-0.5694
META,2024-09,EY,4.1675,-0.9083
META,2024-10,EY,4.2031,-0.8502
META,2024-11,EY,4.1538,-0.8696
META,2024-12,EY,4.0744,-0.9152
META,2025-01,EY,3.4615,-1.4258
META,2025-02,EY,3.5702,-1.2708
META,2025-03,EY,4.1391,-0.7381
META,2025-04,EY,4.2783,-0.6025
META,2025-05,EY,3.6275,-1.1625
META,2025-06,EY,3.1823,-1.5033
META,2025-07,EY,3.0368,-1.5327
META,2025-08,EY,3.1796,-1.3233
META,2025-09,EY,3.1983,-1.2355
META,2025-10,EY,3.6227,-0.8357
META,2025-11,EY,3.625,-0.8816
META,2025-12,EY,3.5583,-0.9397
META,2026-01,EY,3.2782,-1.2881
META,2026-02,EY,3.6237,-0.7992
META,2026-03,EY,4.1054,-0.1503
META,2026-04,EY,3.8385,-0.4876
META,2026-05,EY,3.7135,-0.6172
META,2026-06,EY,4.1698,0.0897
META,2026-07,EY,4.2191,0.2101
META,2026-08,EY,4.1038,0.0553
META,2026-09,EY,3.6245,-0.6586
V,2021-10,EY,,
V,2021-11,EY,,
V,2021-12,EY,,
V,2022-01,EY,,
V,2022-02,EY,,
V,2022-03,EY,,
V,2022-04,EY,2.7435,
V,2022-05,EY,2.7559,
V,2022-06,EY,2.9698,
V,2022-07,EY,2.7567,
V,2022-08,EY,2.9426,
V,2022-09,EY,3.2914,
V,2022-10,EY,2.8225,-0.4514
V,2022-11,EY,2.6945,-1.1155
V,2022-12,EY,2.8144,-0.3155
V,2023-01,EY,2.5399,-1.8786
V,2023-02,EY,2.6585,-0.9124
V,2023-03,EY,2.5934,-1.1828
V,2023-04,EY,2.9605,0.8457
V,2023-05,EY,3.1172,1.6206
V,2023-06,EY,2.9013,0.3446
V,2023-07,EY,2.8982,0.3157
V,2023-08,EY,2.8044,-0.1971
V,2023-09,EY,2.9955,0.8616
V,2023-10,EY,2.9306,0.4603
V,2023-11,EY,2.6842,-0.953
V,2023-12,EY,2.6464,-1.124
V,2024-01,EY,2.5214,-1.7741
V,2024-02,EY,2.4377,-2.0753
V,2024-03,EY,2.9489,0.7403
V,2024-04,EY,3.0638,1.3077
V,2024-05,EY,3.0205,1.0197
V,2024-06,EY,3.1355,1.5644
V,2024-07,EY,3.0977,1.2828
V,2024-08,EY,2.9778,0.636
V,2024-09,EY,2.9932,0.6969
V,2024-10,EY,2.8393,-0.0899
V,2024-11,EY,2.6119,-1.2441
V,2024-12,EY,2.604,-1.236
V,2025-01,EY,2.4077,-2.1727
V,2025-02,EY,2.2689,-2.6669
V,2025-03,EY,2.3483,-2.0469
V,2025-04,EY,2.6461,-0.6507
V,2025-05,EY,2.5034,-1.2364
V,2025-06,EY,2.5749,-0.8881
V,2025-07,EY,2.6463,-0.5471
V,2025-08,EY,2.5988,-0.7269
V,2025-09,EY,2.678,-0.3632
V,2025-10,EY,2.683,-0.2924
V,2025-11,EY,2.7336,-0.0534
V,2025-12,EY,2.6068,-0.6159
V,2026-01,EY,2.8407,0.4366
V,2026-02,EY,2.8557,0.4699
V,2026-03,EY,3.0248,1.1927
V,2026-04,EY,2.7717,0.0212
V,2026-05,EY,2.8013,0.175
V,2026-06,EY,2.6647,-0.4034
V,2026-07,EY,2.497,-1.1459
V,2026-08,EY,2.4098,-1.4803
V,2026-09,EY,2.4679,-1.1352
MA,2021-10,EY,,
MA,2021-11,EY,,
MA,2021-12,EY,,
MA,2022-01,EY,,
MA,2022-02,EY,,
MA,2022-03,EY,,
MA,2022-04,EY,2.8143,
MA,2022-05,EY,2.8576,
MA,2022-06,EY,3.2416,
MA,2022-07,EY,2.8906,
MA,2022-08,EY,3.1527,
MA,2022-09,EY,3.5966,
MA,2022-10,EY,3.1161,0.087
MA,2022-11,EY,2.8694,-0.8886
MA,2022-12,EY,2.941,-0.5064
MA,2023-01,EY,2.7595,-1.2311
MA,2023-02,EY,2.8784,-0.599
MA,2023-03,EY,2.8141,-0.8352
MA,2023-04,EY,3.114,0.516
MA,2023-05,EY,3.242,1.0597
MA,2023-06,EY,3.0089,-0.0517
MA,2023-07,EY,3.0014,-0.0843
MA,2023-08,EY,2.8679,-0.7148
MA,2023-09,EY,2.9891,-0.0997
MA,2023-10,EY,3.1444,0.6727
MA,2023-11,EY,2.8596,-0.7853
MA,2023-12,EY,2.7746,-1.186
MA,2024-01,EY,2.6343,-1.8281
MA,2024-02,EY,2.4926,-2.3453
MA,2024-03,EY,2.8839,-0.3326
MA,2024-04,EY,3.078,0.5489
MA,2024-05,EY,3.1064,0.6645
MA,2024-06,EY,3.148,0.8383
MA,2024-07,EY,2.9949,0.1009
MA,2024-08,EY,2.8733,-0.4763
MA,2024-09,EY,2.8124,-0.7581
MA,2024-10,EY,2.7798,-0.8958
MA,2024-11,EY,2.6059,-1.7136
MA,2024-12,EY,2.6374,-1.4655
MA,2025-01,EY,2.5004,-2.0341
MA,2025-02,EY,2.4098,-2.295
MA,2025-03,EY,2.5337,-1.5876
MA,2025-04,EY,3.0144,0.4691
MA,2025-05,EY,2.8212,-0.3503
MA,2025-06,EY,2.94,0.143
MA,2025-07,EY,2.9165,0.083
MA,2025-08,EY,2.7753,-0.5173
MA,2025-09,EY,2.9045,0.0746
MA,2025-10,EY,2.993,0.6253
MA,2025-11,EY,3.0009,0.6933
MA,2025-12,EY,2.8939,0.1305
MA,2026-01,EY,3.0663,1.0087
MA,2026-02,EY,3.1942,1.5979
MA,2026-03,EY,3.3064,2.0466
MA,2026-04,EY,3.285,1.7821
MA,2026-05,EY,3.3445,1.9752
MA,2026-06,EY,3.2167,1.3616
MA,2026-07,EY,2.8827,-0.1215
MA,2026-08,EY,2.8034,-0.4475
MA,2026-09,EY,2.9025,-0.015
HOOD,2021-10,Revenue,,
HOOD,2021-11,Revenue,,
HOOD,2021-12,Revenue,,
HOOD,2022-01,Revenue,,
HOOD,2022-02,Revenue,,
HOOD,2022-03,Revenue,,
HOOD,2022-04,Revenue,15.7633,
HOOD,2022-05,Revenue,15.3637,
HOOD,2022-06,Revenue,18.8028,
HOOD,2022-07,Revenue,17.0783,
HOOD,2022-08,Revenue,16.1842,
HOOD,2022-09,Revenue,15.3029,
HOOD,2022-10,Revenue,13.2328,-2.6045
HOOD,2022-11,Revenue,16.1167,0.098
HOOD,2022-12,Revenue,18.9876,2.0235
HOOD,2023-01,Revenue,14.8471,-0.8684
HOOD,2023-02,Revenue,15.3484,-0.4929
HOOD,2023-03,Revenue,15.9175,-0.1098
HOOD,2023-04,Revenue,23.6552,4.9352
HOOD,2023-05,Revenue,23.4696,2.7229
HOOD,2023-06,Revenue,20.9768,1.285
HOOD,2023-07,Revenue,16.2791,-0.3706
HOOD,2023-08,Revenue,19.2239,0.6412
HOOD,2023-09,Revenue,21.3403,1.3455
HOOD,2023-10,Revenue,22.9047,1.7763
HOOD,2023-11,Revenue,23.7896,1.8863
HOOD,2023-12,Revenue,16.4324,-0.5474
HOOD,2024-01,Revenue,19.4924,0.4181
HOOD,2024-02,Revenue,12.8356,-1.6968
HOOD,2024-03,Revenue,16.1776,-0.5465
HOOD,2024-04,Revenue,19.7487,0.5727
HOOD,2024-05,Revenue,15.5816,-0.7492
HOOD,2024-06,Revenue,14.3397,-1.1198
HOOD,2024-07,Revenue,15.8316,-0.604
HOOD,2024-08,Revenue,16.1857,-0.4764
HOOD,2024-09,Revenue,13.905,-1.2035
HOOD,2024-10,Revenue,13.8636,-1.169
HOOD,2024-11,Revenue,8.6749,-2.7832
HOOD,2024-12,Revenue,8.7401,-2.439
HOOD,2025-01,Revenue,6.2686,-2.8836
HOOD,2025-02,Revenue,6.5001,-2.4892
HOOD,2025-03,Revenue,7.8245,-1.9545
HOOD,2025-04,Revenue,9.9133,-1.3658
HOOD,2025-05,Revenue,7.3596,-1.8538
HOOD,2025-06,Revenue,5.1996,-2.1774
HOOD,2025-07,Revenue,4.7243,-2.0828
HOOD,2025-08,Revenue,4.6798,-1.9188
HOOD,2025-09,Revenue,3.4002,-2.0036
HOOD,2025-10,Revenue,3.3168,-1.8618
HOOD,2025-11,Revenue,3.7889,-1.6592
HOOD,2025-12,Revenue,4.3045,-1.4691
HOOD,2026-01,Revenue,4.8938,-1.2892
HOOD,2026-02,Revenue,6.4185,-0.9903
HOOD,2026-03,Revenue,7.0251,-0.8516
HOOD,2026-04,Revenue,6.6791,-0.8611
HOOD,2026-05,Revenue,5.1627,-1.0489
HOOD,2026-06,Revenue,4.8548,-1.0509
HOOD,2026-07,Revenue,5.6243,-0.8745
HOOD,2026-08,Revenue,4.645,-0.9851
HOOD,2026-09,Revenue,4.3248,-0.986
MSFT,2021-10,EY,,
MSFT,2021-11,EY,,
MSFT,2021-12,EY,,
MSFT,2022-01,EY,,
MSFT,2022-02,EY,,
MSFT,2022-03,EY,,
MSFT,2022-04,EY,,
MSFT,2022-05,EY,,
MSFT,2022-06,EY,,
MSFT,2022-07,EY,,
MSFT,2022-08,EY,,
MSFT,2022-09,EY,,
MSFT,2022-10,EY,,
MSFT,2022-11,EY,,
MSFT,2022-12,EY,,
MSFT,2023-01,EY,,
MSFT,2023-02,EY,,
MSFT,2023-03,EY,,
MSFT,2023-04,EY,3.1518,
MSFT,2023-05,EY,2.949,
MSFT,2023-06,EY,2.8438,
MSFT,2023-07,EY,2.8829,
MSFT,2023-08,EY,2.9547,
MSFT,2023-09,EY,3.0671,
MSFT,2023-10,EY,2.8642,-1.0508
MSFT,2023-11,EY,2.5558,-3.8444
MSFT,2023-12,EY,2.5753,-2.0133
MSFT,2024-01,EY,2.4358,-2.3183
MSFT,2024-02,EY,2.3412,-2.2014
MSFT,2024-03,EY,2.8048,0.0829
MSFT,2024-04,EY,3.0309,1.0124
MSFT,2024-05,EY,2.8425,0.1576
MSFT,2024-06,EY,2.6402,-0.7158
MSFT,2024-07,EY,2.8207,0.1076
MSFT,2024-08,EY,2.8288,0.141
MSFT,2024-09,EY,2.7423,-0.2648
MSFT,2024-10,EY,2.904,0.5135
MSFT,2024-11,EY,2.7866,-0.0743
MSFT,2024-12,EY,2.7996,-0.0077
MSFT,2025-01,EY,2.843,0.2145
MSFT,2025-02,EY,2.9724,0.8858
MSFT,2025-03,EY,3.1435,1.7507
MSFT,2025-04,EY,3.4512,3.1697
MSFT,2025-05,EY,2.9632,0.4963
MSFT,2025-06,EY,2.7425,-0.4919
MSFT,2025-07,EY,2.5569,-1.3131
MSFT,2025-08,EY,2.6922,-0.6514
MSFT,2025-09,EY,2.6337,-0.8977
MSFT,2025-10,EY,2.6344,-0.8678
MSFT,2025-11,EY,2.7726,-0.2194
MSFT,2025-12,EY,2.8207,0.0048
MSFT,2026-01,EY,3.1702,1.6329
MSFT,2026-02,EY,3.4734,2.9289
MSFT,2026-03,EY,3.6851,3.4637
MSFT,2026-04,EY,4.4008,5.5597
MSFT,2026-05,EY,3.9858,2.9141
MSFT,2026-06,EY,4.8109,4.5668
MSFT,2026-07,EY,3.8616,1.6993
MSFT,2026-08,EY,3.5376,0.9782
MSFT,2026-09,EY,3.6208,1.0904
AAPL,2021-10,EY,,
AAPL,2021-11,EY,,
AAPL,2021-12,EY,,
AAPL,2022-01,EY,,
AAPL,2022-02,EY,,
AAPL,2022-03,EY,,
AAPL,2022-04,EY,3.8777,
AAPL,2022-05,EY,4.1072,
AAPL,2022-06,EY,4.4713,
AAPL,2022-07,EY,3.7617,
AAPL,2022-08,EY,3.8883,
AAPL,2022-09,EY,4.4234,
AAPL,2022-10,EY,3.9867,-0.3708
AAPL,2022-11,EY,4.1297,0.2183
AAPL,2022-12,EY,4.705,2.5977
AAPL,2023-01,EY,4.2367,0.289
AAPL,2023-02,EY,4.1471,-0.041
AAPL,2023-03,EY,3.7072,-1.6549
AAPL,2023-04,EY,3.6151,-1.7487
AAPL,2023-05,EY,3.4607,-2.0122
AAPL,2023-06,EY,3.1624,-2.5917
AAPL,2023-07,EY,3.1224,-2.1826
AAPL,2023-08,EY,3.2651,-1.5256
AAPL,2023-09,EY,3.5828,-0.6782
AAPL,2023-10,EY,3.592,-0.6299
AAPL,2023-11,EY,3.2293,-1.444
AAPL,2023-12,EY,3.186,-1.4369
AAPL,2024-01,EY,3.3265,-1.0285
AAPL,2024-02,EY,3.3937,-0.8335
AAPL,2024-03,EY,3.5477,-0.4614
AAPL,2024-04,EY,3.5716,-0.3956
AAPL,2024-05,EY,3.1644,-1.3216
AAPL,2024-06,EY,2.8884,-1.8802
AAPL,2024-07,EY,2.7394,-2.0587
AAPL,2024-08,EY,2.6566,-2.0547
AAPL,2024-09,EY,2.611,-1.9757
AAPL,2024-10,EY,2.6929,-1.6736
AAPL,2024-11,EY,2.5633,-1.8133
AAPL,2024-12,EY,2.4293,-1.9362
AAPL,2025-01,EY,2.5778,-1.5545
AAPL,2025-02,EY,2.5155,-1.5836
AAPL,2025-03,EY,2.7387,-1.1429
AAPL,2025-04,EY,3.5129,0.1534
AAPL,2025-05,EY,3.7167,0.5054
AAPL,2025-06,EY,3.6384,0.4008
AAPL,2025-07,EY,3.5964,0.3862
AAPL,2025-08,EY,3.2157,-0.2699
AAPL,2025-09,EY,2.9317,-0.7422
AAPL,2025-10,EY,2.761,-1.0177
AAPL,2025-11,EY,2.6771,-1.1209
AAPL,2025-12,EY,2.7459,-0.9363
AAPL,2026-01,EY,2.8769,-0.6527
AAPL,2026-02,EY,2.8257,-0.7337
AAPL,2026-03,EY,2.9414,-0.412
AAPL,2026-04,EY,2.7511,-0.8599
AAPL,2026-05,EY,2.3922,-1.7522
AAPL,2026-06,EY,2.5798,-1.1552
AAPL,2026-07,EY,2.4166,-1.5072
AAPL,2026-08,EY,2.356,-1.565
AAPL,2026-09,EY,2.2467,-1.7262
ABBV,2021-10,EY,,
ABBV,2021-11,EY,,
ABBV,2021-12,EY,,
ABBV,2022-01,EY,,
ABBV,2022-02,EY,,
ABBV,2022-03,EY,,
ABBV,2022-04,EY,4.5322,
ABBV,2022-05,EY,4.5171,
ABBV,2022-06,EY,4.3464,
ABBV,2022-07,EY,4.6386,
ABBV,2022-08,EY,4.9509,
ABBV,2022-09,EY,4.9601,
ABBV,2022-10,EY,4.5471,-0.4859
ABBV,2022-11,EY,4.1301,-2.3908
ABBV,2022-12,EY,4.1191,-1.7499
ABBV,2023-01,EY,4.5055,-0.0745
ABBV,2023-02,EY,4.3255,-0.7338
ABBV,2023-03,EY,4.177,-1.2431
ABBV,2023-04,EY,1.815,-9.8787
ABBV,2023-05,EY,1.9881,-3.025
ABBV,2023-06,EY,2.0358,-2.2159
ABBV,2023-07,EY,1.8337,-2.0521
ABBV,2023-08,EY,1.8664,-1.739
ABBV,2023-09,EY,1.8401,-1.5765
ABBV,2023-10,EY,1.9428,-1.3532
ABBV,2023-11,EY,1.9263,-1.271
ABBV,2023-12,EY,1.7699,-1.3139
ABBV,2024-01,EY,1.6684,-1.3108
ABBV,2024-02,EY,1.558,-1.3172
ABBV,2024-03,EY,1.325,-1.4167
ABBV,2024-04,EY,1.4836,-1.2158
ABBV,2024-05,EY,1.4964,-1.1481
ABBV,2024-06,EY,1.4068,-1.1633
ABBV,2024-07,EY,1.302,-1.1895
ABBV,2024-08,EY,1.2291,-1.1919
ABBV,2024-09,EY,1.2218,-1.1486
ABBV,2024-10,EY,1.1835,-1.1324
ABBV,2024-11,EY,1.319,-0.996
ABBV,2024-12,EY,1.3578,-0.9381
ABBV,2025-01,EY,1.312,-0.9441
ABBV,2025-02,EY,1.1543,-1.03
ABBV,2025-03,EY,1.1516,-1.0021
ABBV,2025-04,EY,1.2217,-0.9248
ABBV,2025-05,EY,1.2807,-0.8332
ABBV,2025-06,EY,1.2841,-0.7848
ABBV,2025-07,EY,1.261,-0.7573
ABBV,2025-08,EY,1.1329,-0.8166
ABBV,2025-09,EY,1.0294,-0.8699
ABBV,2025-10,EY,1.0932,-0.7871
ABBV,2025-11,EY,1.0468,-0.8037
ABBV,2025-12,EY,1.0432,-0.775
ABBV,2026-01,EY,1.0688,-0.719
ABBV,2026-02,EY,1.027,-0.785
ABBV,2026-03,EY,1.0959,-0.728
ABBV,2026-04,EY,1.1279,-0.8961
ABBV,2026-05,EY,1.0948,-0.9538
ABBV,2026-06,EY,0.9472,-1.4088
ABBV,2026-07,EY,0.9498,-1.3653
ABBV,2026-08,EY,0.9295,-1.3793
ABBV,2026-09,EY,0.927,-1.3404
TSLA,2021-10,EY,,
TSLA,2021-11,EY,,
TSLA,2021-12,EY,,
TSLA,2022-01,EY,,
TSLA,2022-02,EY,,
TSLA,2022-03,EY,,
TSLA,2022-04,EY,1.2475,
TSLA,2022-05,EY,1.4326,
TSLA,2022-06,EY,1.6131,
TSLA,2022-07,EY,1.2186,
TSLA,2022-08,EY,1.3138,
TSLA,2022-09,EY,1.3651,
TSLA,2022-10,EY,1.5914,1.7185
TSLA,2022-11,EY,1.8598,3.1811
TSLA,2022-12,EY,2.9396,7.2549
TSLA,2023-01,EY,2.0904,0.9315
TSLA,2023-02,EY,1.7602,0.1864
TSLA,2023-03,EY,1.7454,0.1463
TSLA,2023-04,EY,2.6211,2.0566
TSLA,2023-05,EY,2.1118,0.7086
TSLA,2023-06,EY,1.6452,-0.2706
TSLA,2023-07,EY,1.6104,-0.3333
TSLA,2023-08,EY,1.6687,-0.1965
TSLA,2023-09,EY,1.7211,-0.0747
TSLA,2023-10,EY,2.1443,0.8886
TSLA,2023-11,EY,1.7938,0.0461
TSLA,2023-12,EY,1.7332,-0.0974
TSLA,2024-01,EY,2.2995,1.2659
TSLA,2024-02,EY,2.1333,0.7994
TSLA,2024-03,EY,1.2612,-1.3177
TSLA,2024-04,EY,1.2096,-1.3675
TSLA,2024-05,EY,1.245,-1.2102
TSLA,2024-06,EY,1.1204,-1.4422
TSLA,2024-07,EY,0.9553,-1.7378
TSLA,2024-08,EY,1.0355,-1.4455
TSLA,2024-09,EY,0.8474,-1.7772
TSLA,2024-10,EY,0.8873,-1.5787
TSLA,2024-11,EY,0.6423,-1.9938
TSLA,2024-12,EY,0.549,-2.0332
TSLA,2025-01,EY,0.548,-1.8893
TSLA,2025-02,EY,0.7567,-1.3936
TSLA,2025-03,EY,0.8555,-1.1608
TSLA,2025-04,EY,0.3813,-1.9659
TSLA,2025-05,EY,0.3105,-1.9531
TSLA,2025-06,EY,0.3387,-1.764
TSLA,2025-07,EY,0.349,-1.6258
TSLA,2025-08,EY,0.3223,-1.5758
TSLA,2025-09,EY,0.2419,-1.6021
TSLA,2025-10,EY,0.2357,-1.5143
TSLA,2025-11,EY,0.2501,-1.402
TSLA,2025-12,EY,0.2392,-1.3338
TSLA,2026-01,EY,0.25,-1.2894
TSLA,2026-02,EY,0.2673,-1.1969
TSLA,2026-03,EY,0.2894,-1.0995
TSLA,2026-04,EY,0.2819,-1.0505
TSLA,2026-05,EY,0.2469,-1.0745
TSLA,2026-06,EY,0.2558,-1.0127
TSLA,2026-07,EY,0.3457,-0.8177
TSLA,2026-08,EY,0.2924,-0.8555
TSLA,2026-09,EY,0.2944,-0.8048
HD,2021-10,EY,,
HD,2021-11,EY,,
HD,2021-12,EY,,
HD,2022-01,EY,,
HD,2022-02,EY,,
HD,2022-03,EY,,
HD,2022-04,EY,,
HD,2022-05,EY,,
HD,2022-06,EY,,
HD,2022-07,EY,,
HD,2022-08,EY,,
HD,2022-09,EY,,
HD,2022-10,EY,,
HD,2022-11,EY,,
HD,2022-12,EY,,
HD,2023-01,EY,,
HD,2023-02,EY,,
HD,2023-03,EY,,
HD,2023-04,EY,5.5526,
HD,2023-05,EY,5.8874,
HD,2023-06,EY,5.3721,
HD,2023-07,EY,4.9987,
HD,2023-08,EY,5.0523,
HD,2023-09,EY,5.5228,
HD,2023-10,EY,5.8617,1.521
HD,2023-11,EY,5.3232,-0.4319
HD,2023-12,EY,4.8154,-2.0464
HD,2024-01,EY,4.728,-1.8424
HD,2024-02,EY,4.3845,-2.3992
HD,2024-03,EY,3.9397,-2.8317
HD,2024-04,EY,4.5218,-1.0638
HD,2024-05,EY,4.513,-0.9958
HD,2024-06,EY,4.3902,-1.1461
HD,2024-07,EY,4.1049,-1.5658
HD,2024-08,EY,4.1012,-1.4182
HD,2024-09,EY,3.7297,-1.9165
HD,2024-10,EY,3.8382,-1.5288
HD,2024-11,EY,3.5217,-1.8809
HD,2024-12,EY,3.8851,-1.1722
HD,2025-01,EY,3.6683,-1.4148
HD,2025-02,EY,3.8106,-1.1263
HD,2025-03,EY,4.1237,-0.6405
HD,2025-04,EY,4.1361,-0.6043
HD,2025-05,EY,4.0485,-0.7118
HD,2025-06,EY,4.0668,-0.6652
HD,2025-07,EY,4.0571,-0.6614
HD,2025-08,EY,3.6656,-1.2164
HD,2025-09,EY,3.6798,-1.1451
HD,2025-10,EY,3.928,-0.7438
HD,2025-11,EY,4.1775,-0.3625
HD,2025-12,EY,4.3332,-0.1265
HD,2026-01,EY,3.9805,-0.6526
HD,2026-02,EY,3.9164,-0.7357
HD,2026-03,EY,4.5335,0.2188
HD,2026-04,EY,4.327,-0.1027
HD,2026-05,EY,4.4861,0.2045
HD,2026-06,EY,4.034,-0.5092
HD,2026-07,EY,4.2858,0.0043
HD,2026-08,EY,4.3398,0.1458
HD,2026-09,EY,4.6081,0.7215
PG,2021-10,EY,,
PG,2021-11,EY,,
PG,2021-12,EY,,
PG,2022-01,EY,,
PG,2022-02,EY,,
PG,2022-03,EY,,
PG,2022-04,EY,,
PG,2022-05,EY,,
PG,2022-06,EY,,
PG,2022-07,EY,,
PG,2022-08,EY,,
PG,2022-09,EY,,
PG,2022-10,EY,,
PG,2022-11,EY,,
PG,2022-12,EY,,
PG,2023-01,EY,,
PG,2023-02,EY,,
PG,2023-03,EY,,
PG,2023-04,EY,3.7723,
PG,2023-05,EY,4.1398,
PG,2023-06,EY,3.8877,
PG,2023-07,EY,3.7743,
PG,2023-08,EY,3.8222,
PG,2023-09,EY,4.0444,
PG,2023-10,EY,3.932,0.1811
PG,2023-11,EY,3.8426,-0.5244
PG,2023-12,EY,4.0257,1.0063
PG,2024-01,EY,3.7541,-1.3214
PG,2024-02,EY,3.7116,-1.4948
PG,2024-03,EY,3.7099,-1.3125
PG,2024-04,EY,3.6883,-1.3355
PG,2024-05,EY,3.6582,-1.421
PG,2024-06,EY,3.6498,-1.3394
PG,2024-07,EY,3.7443,-0.573
PG,2024-08,EY,3.509,-2.2045
PG,2024-09,EY,3.4753,-2.1011
PG,2024-10,EY,3.6441,-0.8348
PG,2024-11,EY,3.3578,-2.5011
PG,2024-12,EY,3.5904,-0.8887
PG,2025-01,EY,3.6263,-0.659
PG,2025-02,EY,3.4625,-1.5271
PG,2025-03,EY,3.532,-1.0554
PG,2025-04,EY,4.0034,1.4814
PG,2025-05,EY,3.8309,0.4995
PG,2025-06,EY,4.0851,1.8217
PG,2025-07,EY,4.3253,2.8999
PG,2025-08,EY,4.1444,1.6814
PG,2025-09,EY,4.2358,1.9775
PG,2025-10,EY,4.3282,2.2159
PG,2025-11,EY,4.3928,2.2808
PG,2025-12,EY,4.5414,2.6363
PG,2026-01,EY,4.2883,1.4883
PG,2026-02,EY,3.8925,0.0812
PG,2026-03,EY,4.5059,2.1862
PG,2026-04,EY,4.5032,2.0165
PG,2026-05,EY,4.6139,2.2001
PG,2026-06,EY,4.517,1.7565
PG,2026-07,EY,4.5842,1.8287
PG,2026-08,EY,4.5643,1.6421
PG,2026-09,EY,4.5596,1.5224
KO,2021-10,EY,,
KO,2021-11,EY,,
KO,2021-12,EY,,
KO,2022-01,EY,,
KO,2022-02,EY,,
KO,2022-03,EY,,
KO,2022-04,EY,3.3951,
KO,2022-05,EY,3.461,
KO,2022-06,EY,3.4868,
KO,2022-07,EY,3.4184,
KO,2022-08,EY,3.5546,
KO,2022-09,EY,3.9157,
KO,2022-10,EY,3.6651,0.7181
KO,2022-11,EY,3.4485,-0.6403
KO,2022-12,EY,3.4485,-0.5842
KO,2023-01,EY,3.5772,0.2866
KO,2023-02,EY,3.686,1.0045
KO,2023-03,EY,3.5363,-0.097
KO,2023-04,EY,3.8492,2.1181
KO,2023-05,EY,4.1388,3.5918
KO,2023-06,EY,4.1004,2.3142
KO,2023-07,EY,3.9871,1.4416
KO,2023-08,EY,4.1271,1.8868
KO,2023-09,EY,4.4109,2.7549
KO,2023-10,EY,4.3711,2.1134
KO,2023-11,EY,4.2252,1.4039
KO,2023-12,EY,4.1901,1.2001
KO,2024-01,EY,4.1507,1.0157
KO,2024-02,EY,4.114,0.8608
KO,2024-03,EY,4.0224,0.5542
KO,2024-04,EY,3.9839,0.4223
KO,2024-05,EY,3.9105,0.1853
KO,2024-06,EY,3.8663,0.0422
KO,2024-07,EY,3.6873,-0.5332
KO,2024-08,EY,3.3957,-1.4692
KO,2024-09,EY,3.4245,-1.3007
KO,2024-10,EY,3.768,-0.1589
KO,2024-11,EY,3.8403,0.076
KO,2024-12,EY,3.9526,0.441
KO,2025-01,EY,3.8766,0.1821
KO,2025-02,EY,3.4558,-1.2309
KO,2025-03,EY,3.436,-1.2536
KO,2025-04,EY,4.1888,1.2776
KO,2025-05,EY,4.2149,1.2978
KO,2025-06,EY,4.2953,1.4942
KO,2025-07,EY,4.4763,2.0031
KO,2025-08,EY,4.4049,1.638
KO,2025-09,EY,4.5823,2.0975
KO,2025-10,EY,4.4107,1.4133
KO,2025-11,EY,4.1561,0.5788
KO,2025-12,EY,4.3469,1.116
KO,2026-01,EY,4.0622,0.1794
KO,2026-02,EY,3.726,-0.9299
KO,2026-03,EY,3.996,-0.0737
KO,2026-04,EY,3.8585,-0.5738
KO,2026-05,EY,3.8463,-0.6154
KO,2026-06,EY,3.7393,-0.9398
KO,2026-07,EY,3.4695,-1.7785
KO,2026-08,EY,3.4273,-1.7945
KO,2026-09,EY,3.442,-1.6226
SHEL,2021-10,FCF,,
SHEL,2021-11,FCF,,
SHEL,2021-12,FCF,,
SHEL,2022-01,FCF,,
SHEL,2022-02,FCF,,
SHEL,2022-03,FCF,,
SHEL,2022-04,FCF,23.1417,
SHEL,2022-05,FCF,20.8791,
SHEL,2022-06,FCF,23.6462,
SHEL,2022-07,FCF,23.1634,
SHEL,2022-08,FCF,23.3383,
SHEL,2022-09,FCF,24.8485,
SHEL,2022-10,FCF,22.2265,-0.8007
SHEL,2022-11,FCF,21.1469,-1.6573
SHEL,2022-12,FCF,21.7114,-0.8805
SHEL,2023-01,FCF,21.0247,-1.3624
SHEL,2023-02,FCF,20.3466,-1.728
SHEL,2023-03,FCF,21.4887,-0.6137
SHEL,2023-04,FCF,14.805,-5.679
SHEL,2023-05,FCF,16.386,-2.2514
SHEL,2023-06,FCF,15.1973,-2.3089
SHEL,2023-07,FCF,14.8891,-2.0197
SHEL,2023-08,FCF,14.7788,-1.7799
SHEL,2023-09,FCF,14.2531,-1.7397
SHEL,2023-10,FCF,14.0868,-1.6108
SHEL,2023-11,FCF,13.9455,-1.5087
SHEL,2023-12,FCF,13.9455,-1.3933
SHEL,2024-01,FCF,14.5862,-1.1364
SHEL,2024-02,FCF,14.6047,-1.0744
SHEL,2024-03,FCF,16.4483,-0.5555
SHEL,2024-04,FCF,15.3878,-0.8146
SHEL,2024-05,FCF,15.151,-0.8495
SHEL,2024-06,FCF,15.277,-0.7887
SHEL,2024-07,FCF,15.06,-0.8225
SHEL,2024-08,FCF,15.3878,-0.7109
SHEL,2024-09,FCF,16.7201,-0.3353
SHEL,2024-10,FCF,16.3241,-0.4369
SHEL,2024-11,FCF,17.0326,-0.233
SHEL,2024-12,FCF,17.6008,-0.07
SHEL,2025-01,FCF,16.7455,-0.3122
SHEL,2025-02,FCF,16.3459,-0.4223
SHEL,2025-03,FCF,15.0477,-0.7938
SHEL,2025-04,FCF,12.4704,-1.5318
SHEL,2025-05,FCF,12.1427,-1.5513
SHEL,2025-06,FCF,11.4201,-1.6662
SHEL,2025-07,FCF,11.1354,-1.6769
SHEL,2025-08,FCF,10.8837,-1.6772
SHEL,2025-09,FCF,11.2413,-1.5044
SHEL,2025-10,FCF,10.7326,-1.6753
SHEL,2025-11,FCF,10.8999,-1.5628
SHEL,2025-12,FCF,10.943,-1.487
SHEL,2026-01,FCF,10.4386,-1.6427
SHEL,2026-02,FCF,9.6286,-1.9164
SHEL,2026-03,FCF,8.6461,-2.2414
SHEL,2026-04,FCF,8.8683,-2.1331
SHEL,2026-05,FCF,9.5588,-1.6752
SHEL,2026-06,FCF,10.37,-1.2489
SHEL,2026-07,FCF,8.742,-1.8095
SHEL,2026-08,FCF,8.7927,-1.6606
SHEL,2026-09,FCF,8.3093,-1.7248
CVX,2021-10,FCF,,
CVX,2021-11,FCF,,
CVX,2021-12,FCF,,
CVX,2022-01,FCF,,
CVX,2022-02,FCF,,
CVX,2022-03,FCF,,
CVX,2022-04,FCF,12.3783,
CVX,2022-05,FCF,11.1033,
CVX,2022-06,FCF,13.3949,
CVX,2022-07,FCF,11.8409,
CVX,2022-08,FCF,12.2695,
CVX,2022-09,FCF,13.4984,
CVX,2022-10,FCF,10.7203,-2.023
CVX,2022-11,FCF,10.5794,-1.6323
CVX,2022-12,FCF,10.8046,-1.1088
CVX,2023-01,FCF,11.1442,-0.66
CVX,2023-02,FCF,12.0626,0.2818
CVX,2023-03,FCF,11.8859,0.0878
CVX,2023-04,FCF,6.2401,-5.9168
CVX,2023-05,FCF,6.9842,-2.5298
CVX,2023-06,FCF,6.6855,-2.1673
CVX,2023-07,FCF,6.4277,-1.9424
CVX,2023-08,FCF,6.5298,-1.6494
CVX,2023-09,FCF,6.2386,-1.6014
CVX,2023-10,FCF,7.2185,-1.0811
CVX,2023-11,FCF,7.3256,-0.9804
CVX,2023-12,FCF,7.0525,-1.0379
CVX,2024-01,FCF,7.1353,-0.9562
CVX,2024-02,FCF,6.9203,-0.9978
CVX,2024-03,FCF,5.25,-1.5963
CVX,2024-04,FCF,5.1351,-1.5286
CVX,2024-05,FCF,5.1025,-1.4441
CVX,2024-06,FCF,5.2943,-1.294
CVX,2024-07,FCF,5.1607,-1.2794
CVX,2024-08,FCF,5.5974,-1.0686
CVX,2024-09,FCF,5.6233,-1.0209
CVX,2024-10,FCF,5.5647,-1.0072
CVX,2024-11,FCF,5.1142,-1.1321
CVX,2024-12,FCF,5.7176,-0.8829
CVX,2025-01,FCF,5.5509,-0.9175
CVX,2025-02,FCF,5.2209,-1.0083
CVX,2025-03,FCF,4.9503,-1.0743
CVX,2025-04,FCF,6.5717,-0.4766
CVX,2025-05,FCF,6.5409,-0.4455
CVX,2025-06,FCF,6.2444,-0.5162
CVX,2025-07,FCF,5.8965,-0.6095
CVX,2025-08,FCF,5.5675,-0.701
CVX,2025-09,FCF,5.7579,-0.5792
CVX,2025-10,FCF,5.6692,-0.5909
CVX,2025-11,FCF,5.9164,-0.4222
CVX,2025-12,FCF,5.8667,-0.4034
CVX,2026-01,FCF,5.0545,-0.8295
CVX,2026-02,FCF,4.7876,-0.9889
CVX,2026-03,FCF,4.3216,-1.4735
CVX,2026-04,FCF,4.6254,-1.665
CVX,2026-05,FCF,4.9005,-1.2053
CVX,2026-06,FCF,5.3942,-0.5113
CVX,2026-07,FCF,4.5427,-1.5829
CVX,2026-08,FCF,4.3375,-1.7444
CVX,2026-09,FCF,4.1771,-1.8284
SHW,2021-10,EY,,
SHW,2021-11,EY,,
SHW,2021-12,EY,,
SHW,2022-01,EY,,
SHW,2022-02,EY,,
SHW,2022-03,EY,,
SHW,2022-04,EY,2.8063,
SHW,2022-05,EY,2.8787,
SHW,2022-06,EY,3.4461,
SHW,2022-07,EY,3.1893,
SHW,2022-08,EY,3.3245,
SHW,2022-09,EY,3.7686,
SHW,2022-10,EY,3.429,0.5875
SHW,2022-11,EY,3.0966,-0.5336
SHW,2022-12,EY,3.2513,0.0298
SHW,2023-01,EY,3.2614,0.0644
SHW,2023-02,EY,3.486,0.9057
SHW,2023-03,EY,3.4329,0.6312
SHW,2023-04,EY,3.8933,2.3949
SHW,2023-05,EY,4.0601,2.4822
SHW,2023-06,EY,3.483,0.3012
SHW,2023-07,EY,3.3447,-0.1284
SHW,2023-08,EY,3.4036,0.0596
SHW,2023-09,EY,3.626,0.7739
SHW,2023-10,EY,3.8824,1.5752
SHW,2023-11,EY,3.3171,-0.3378
SHW,2023-12,EY,2.9651,-1.4623
SHW,2024-01,EY,3.0384,-1.1292
SHW,2024-02,EY,2.7853,-1.8643
SHW,2024-03,EY,3.0382,-0.9454
SHW,2024-04,EY,3.5221,0.5387
SHW,2024-05,EY,3.4735,0.3773
SHW,2024-06,EY,3.536,0.5619
SHW,2024-07,EY,3.0081,-1.1027
SHW,2024-08,EY,2.8569,-1.5316
SHW,2024-09,EY,2.7648,-1.7285
SHW,2024-10,EY,2.9413,-1.0983
SHW,2024-11,EY,2.6554,-1.9041
SHW,2024-12,EY,3.1043,-0.5
SHW,2025-01,EY,2.9463,-0.9449
SHW,2025-02,EY,2.9129,-1.0152
SHW,2025-03,EY,3.022,-0.6718
SHW,2025-04,EY,2.9065,-0.9938
SHW,2025-05,EY,2.8588,-1.1511
SHW,2025-06,EY,2.9874,-0.771
SHW,2025-07,EY,3.1001,-0.4028
SHW,2025-08,EY,2.8039,-1.2572
SHW,2025-09,EY,2.9624,-0.7389
SHW,2025-10,EY,2.9737,-0.6616
SHW,2025-11,EY,2.9845,-0.5932
SHW,2025-12,EY,3.1656,-0.0511
SHW,2026-01,EY,2.8924,-0.8454
SHW,2026-02,EY,2.829,-0.9927
SHW,2026-03,EY,3.2,0.139
SHW,2026-04,EY,3.1894,0.1283
SHW,2026-05,EY,3.376,0.7884
SHW,2026-06,EY,2.9791,-0.4598
SHW,2026-07,EY,3.0094,-0.308
SHW,2026-08,EY,3.0275,-0.2095
SHW,2026-09,EY,3.1727,0.3769
DUK,2021-10,FCF,,
DUK,2021-11,FCF,,
DUK,2021-12,FCF,,
DUK,2022-01,FCF,,
DUK,2022-02,FCF,,
DUK,2022-03,FCF,,
DUK,2022-04,FCF,-6.4133,
DUK,2022-05,FCF,-6.2788,
DUK,2022-06,FCF,-6.5898,
DUK,2022-07,FCF,-6.4268,
DUK,2022-08,FCF,-6.6083,
DUK,2022-09,FCF,-7.5951,
DUK,2022-10,FCF,-7.582,-2.1316
DUK,2022-11,FCF,-7.0699,-0.5494
DUK,2022-12,FCF,-6.8598,-0.0796
DUK,2023-01,FCF,-6.896,-0.1525
DUK,2023-02,FCF,-7.4952,-1.4978
DUK,2023-03,FCF,-7.3235,-0.9308
DUK,2023-04,FCF,-3.5757,7.3002
DUK,2023-05,FCF,-3.9598,2.7205
DUK,2023-06,FCF,-3.9399,2.137
DUK,2023-07,FCF,-3.7766,1.9323
DUK,2023-08,FCF,-3.9816,1.5391
DUK,2023-09,FCF,-4.006,1.3822
DUK,2023-10,FCF,-3.9776,1.2962
DUK,2023-11,FCF,-3.8315,1.3058
DUK,2023-12,FCF,-3.6435,1.344
DUK,2024-01,FCF,-3.6895,1.2292
DUK,2024-02,FCF,-3.8502,1.0599
DUK,2024-03,FCF,0.0643,3.4876
DUK,2024-04,FCF,0.0633,2.7808
DUK,2024-05,FCF,0.06,2.3796
DUK,2024-06,FCF,0.062,2.1153
DUK,2024-07,FCF,0.0569,1.9205
DUK,2024-08,FCF,0.0546,1.7718
DUK,2024-09,FCF,0.0539,1.6536
DUK,2024-10,FCF,0.0539,1.5564
DUK,2024-11,FCF,0.0531,1.4743
DUK,2024-12,FCF,0.0577,1.4058
DUK,2025-01,FCF,0.0555,1.3439
DUK,2025-02,FCF,0.0529,1.2892
DUK,2025-03,FCF,0.051,1.2409
DUK,2025-04,FCF,-1.7867,0.5714
DUK,2025-05,FCF,-1.852,0.5107
DUK,2025-06,FCF,-1.8476,0.4753
DUK,2025-07,FCF,-1.7923,0.4566
DUK,2025-08,FCF,-1.7799,0.4229
DUK,2025-09,FCF,-1.7618,0.39
DUK,2025-10,FCF,-1.754,0.3483
DUK,2025-11,FCF,-1.7591,0.2993
DUK,2025-12,FCF,-1.8601,0.2083
DUK,2026-01,FCF,-1.7966,0.1861
DUK,2026-02,FCF,-1.6662,0.1941
DUK,2026-03,FCF,-1.665,0.1293
DUK,2026-04,FCF,-1.6829,0.039
DUK,2026-05,FCF,-1.7764,-0.054
DUK,2026-06,FCF,-1.7224,-0.0601
DUK,2026-07,FCF,-1.7382,-0.1153
DUK,2026-08,FCF,-1.8182,-0.2161
DUK,2026-09,FCF,-1.8256,-0.2761
AMT,2021-10,FCF,,
AMT,2021-11,FCF,,
AMT,2021-12,FCF,,
AMT,2022-01,FCF,,
AMT,2022-02,FCF,,
AMT,2022-03,FCF,,
AMT,2022-04,FCF,1.6341,
AMT,2022-05,FCF,1.5377,
AMT,2022-06,FCF,1.541,
AMT,2022-07,FCF,1.4543,
AMT,2022-08,FCF,1.5503,
AMT,2022-09,FCF,1.8345,
AMT,2022-10,FCF,1.901,2.5686
AMT,2022-11,FCF,1.7802,0.9279
AMT,2022-12,FCF,1.8591,1.3411
AMT,2023-01,FCF,1.7631,0.5463
AMT,2023-02,FCF,1.9891,1.9981
AMT,2023-03,FCF,1.9275,1.2675
AMT,2023-04,FCF,3.0626,7.7235
AMT,2023-05,FCF,3.3939,3.9849
AMT,2023-06,FCF,3.2277,2.3269
AMT,2023-07,FCF,3.2892,2.026
AMT,2023-08,FCF,3.4523,1.9919
AMT,2023-09,FCF,3.8065,2.2274
AMT,2023-10,FCF,3.5129,1.5485
AMT,2023-11,FCF,2.9982,0.7954
AMT,2023-12,FCF,2.8996,0.6424
AMT,2024-01,FCF,3.1994,0.9939
AMT,2024-02,FCF,3.1478,0.8856
AMT,2024-03,FCF,4.0007,1.9203
AMT,2024-04,FCF,4.6077,2.4735
AMT,2024-05,FCF,4.0385,1.5518
AMT,2024-06,FCF,4.0668,1.4858
AMT,2024-07,FCF,3.5867,0.9016
AMT,2024-08,FCF,3.5281,0.8115
AMT,2024-09,FCF,3.3991,0.6528
AMT,2024-10,FCF,3.7019,0.9591
AMT,2024-11,FCF,3.7823,1.0155
AMT,2024-12,FCF,4.31,1.5458
AMT,2025-01,FCF,4.2741,1.4324
AMT,2025-02,FCF,3.8445,0.9281
AMT,2025-03,FCF,3.6328,0.6853
AMT,2025-04,FCF,3.5808,0.6173
AMT,2025-05,FCF,3.7603,0.7662
AMT,2025-06,FCF,3.652,0.6031
AMT,2025-07,FCF,3.8733,0.8132
AMT,2025-08,FCF,3.9596,0.8769
AMT,2025-09,FCF,4.1969,1.1385
AMT,2025-10,FCF,4.5098,1.5007
AMT,2025-11,FCF,4.4528,1.3644
AMT,2025-12,FCF,4.5973,1.5326
AMT,2026-01,FCF,4.5022,1.3584
AMT,2026-02,FCF,4.207,0.8844
AMT,2026-03,FCF,4.677,1.7175
AMT,2026-04,FCF,4.4177,1.2662
AMT,2026-05,FCF,4.3173,0.9961
AMT,2026-06,FCF,4.9346,2.2186
AMT,2026-07,FCF,4.656,1.4866
AMT,2026-08,FCF,4.5939,1.2791
AMT,2026-09,FCF,4.5384,1.0984
SOFI,2021-10,Revenue,,
SOFI,2021-11,Revenue,,
SOFI,2021-12,Revenue,,
SOFI,2022-01,Revenue,,
SOFI,2022-02,Revenue,,
SOFI,2022-03,Revenue,,
SOFI,2022-04,Revenue,28.5394,
SOFI,2022-05,Revenue,23.3505,
SOFI,2022-06,Revenue,33.1426,
SOFI,2022-07,Revenue,27.6801,
SOFI,2022-08,Revenue,29.5036,
SOFI,2022-09,Revenue,35.7913,
SOFI,2022-10,Revenue,32.1069,0.6138
SOFI,2022-11,Revenue,36.1618,1.6273
SOFI,2022-12,Revenue,37.8875,1.7429
SOFI,2023-01,Revenue,25.2037,-1.4335
SOFI,2023-02,Revenue,26.4638,-0.9664
SOFI,2023-03,Revenue,28.7745,-0.3819
SOFI,2023-04,Revenue,35.8081,1.2251
SOFI,2023-05,Revenue,32.1447,0.2991
SOFI,2023-06,Revenue,26.7487,-0.9551
SOFI,2023-07,Revenue,19.4833,-2.577
SOFI,2023-08,Revenue,25.7603,-0.8366
SOFI,2023-09,Revenue,27.9204,-0.357
SOFI,2023-10,Revenue,29.5476,-0.0071
SOFI,2023-11,Revenue,30.6014,0.2184
SOFI,2023-12,Revenue,22.4205,-1.5797
SOFI,2024-01,Revenue,28.491,-0.1691
SOFI,2024-02,Revenue,24.8423,-0.9572
SOFI,2024-03,Revenue,32.4907,0.7469
SOFI,2024-04,Revenue,34.9826,1.2706
SOFI,2024-05,Revenue,34.3742,1.0742
SOFI,2024-06,Revenue,35.8823,1.358
SOFI,2024-07,Revenue,31.4565,0.3425
SOFI,2024-08,Revenue,29.6849,-0.0496
SOFI,2024-09,Revenue,30.1758,0.0599
SOFI,2024-10,Revenue,21.2339,-1.9532
SOFI,2024-11,Revenue,14.4535,-3.2765
SOFI,2024-12,Revenue,15.4014,-2.6107
SOFI,2025-01,Revenue,15.0306,-2.4056
SOFI,2025-02,Revenue,16.3913,-1.9668
SOFI,2025-03,Revenue,20.394,-1.2052
SOFI,2025-04,Revenue,23.0747,-0.7426
SOFI,2025-05,Revenue,21.7041,-0.928
SOFI,2025-06,Revenue,15.8519,-1.8262
SOFI,2025-07,Revenue,12.7841,-2.1583
SOFI,2025-08,Revenue,11.3024,-2.1863
SOFI,2025-09,Revenue,10.926,-2.0456
SOFI,2025-10,Revenue,9.7259,-2.0516
SOFI,2025-11,Revenue,9.7128,-1.8893
SOFI,2025-12,Revenue,11.0261,-1.6056
SOFI,2026-01,Revenue,12.6551,-1.3251
SOFI,2026-02,Revenue,16.2536,-0.8197
SOFI,2026-03,Revenue,18.1778,-0.5498
SOFI,2026-04,Revenue,17.9294,-0.5463
SOFI,2026-05,Revenue,15.8432,-0.7635
SOFI,2026-06,Revenue,16.0995,-0.6861
SOFI,2026-07,Revenue,17.6986,-0.4464
SOFI,2026-08,Revenue,16.1445,-0.6356
SOFI,2026-09,Revenue,16.6665,-0.5357
XYZ,2021-10,Revenue,,
XYZ,2021-11,Revenue,,
XYZ,2021-12,Revenue,,
XYZ,2022-01,Revenue,,
XYZ,2022-02,Revenue,,
XYZ,2022-03,Revenue,,
XYZ,2022-04,Revenue,30.4217,
XYZ,2022-05,Revenue,34.6038,
XYZ,2022-06,Revenue,49.2707,
XYZ,2022-07,Revenue,39.813,
XYZ,2022-08,Revenue,43.9439,
XYZ,2022-09,Revenue,55.0678,
XYZ,2022-10,Revenue,50.4108,0.9821
XYZ,2022-11,Revenue,44.6831,0.1598
XYZ,2022-12,Revenue,48.1887,0.6017
XYZ,2023-01,Revenue,37.0555,-0.9381
XYZ,2023-02,Revenue,39.4654,-0.5264
XYZ,2023-03,Revenue,44.1104,0.157
XYZ,2023-04,Revenue,58.7132,2.2909
XYZ,2023-05,Revenue,59.1021,1.9078
XYZ,2023-06,Revenue,53.6154,0.9845
XYZ,2023-07,Revenue,44.3211,-0.1883
XYZ,2023-08,Revenue,61.9111,1.9854
XYZ,2023-09,Revenue,80.6411,3.8789
XYZ,2023-10,Revenue,88.6752,3.4804
XYZ,2023-11,Revenue,56.2695,0.386
XYZ,2023-12,Revenue,46.1432,-0.3474
XYZ,2024-01,Revenue,54.902,0.3002
XYZ,2024-02,Revenue,44.9122,-0.4509
XYZ,2024-03,Revenue,44.8132,-0.4466
XYZ,2024-04,Revenue,51.9219,0.1127
XYZ,2024-05,Revenue,59.1495,0.6789
XYZ,2024-06,Revenue,58.7735,0.63
XYZ,2024-07,Revenue,61.2524,0.8131
XYZ,2024-08,Revenue,57.3593,0.474
XYZ,2024-09,Revenue,56.4621,0.3903
XYZ,2024-10,Revenue,52.4101,0.0453
XYZ,2024-11,Revenue,42.8041,-0.7685
XYZ,2024-12,Revenue,44.597,-0.5968
XYZ,2025-01,Revenue,41.7342,-0.8309
XYZ,2025-02,Revenue,58.0444,0.6004
XYZ,2025-03,Revenue,69.7644,1.612
XYZ,2025-04,Revenue,66.4346,1.2503
XYZ,2025-05,Revenue,62.9057,0.8886
XYZ,2025-06,Revenue,57.1828,0.3243
XYZ,2025-07,Revenue,50.2774,-0.3212
XYZ,2025-08,Revenue,48.7748,-0.4943
XYZ,2025-09,Revenue,53.7488,-0.0465
XYZ,2025-10,Revenue,51.1513,-0.2858
XYZ,2025-11,Revenue,58.1501,0.3667
XYZ,2025-12,Revenue,59.6778,0.4793
XYZ,2026-01,Revenue,64.2798,0.886
XYZ,2026-02,Revenue,60.98,0.5185
XYZ,2026-03,Revenue,64.5468,0.8369
XYZ,2026-04,Revenue,55.0905,-0.1799
XYZ,2026-05,Revenue,51.2999,-0.5583
XYZ,2026-06,Revenue,51.1109,-0.5536
XYZ,2026-07,Revenue,47.8142,-0.8809
XYZ,2026-08,Revenue,47.3595,-0.9471
XYZ,2026-09,Revenue,49.0396,-0.7271
INTC,2021-10,Revenue,,
INTC,2021-11,Revenue,,
INTC,2021-12,Revenue,,
INTC,2022-01,Revenue,,
INTC,2022-02,Revenue,,
INTC,2022-03,Revenue,,
INTC,2022-04,Revenue,35.0843,
INTC,2022-05,Revenue,34.4287,
INTC,2022-06,Revenue,40.8801,
INTC,2022-07,Revenue,42.1185,
INTC,2022-08,Revenue,47.9111,
INTC,2022-09,Revenue,59.3451,
INTC,2022-10,Revenue,53.7926,1.237
INTC,2022-11,Revenue,50.8588,0.6992
INTC,2022-12,Revenue,57.8632,1.473
INTC,2023-01,Revenue,54.1162,0.8197
INTC,2023-02,Revenue,61.3447,1.593
INTC,2023-03,Revenue,46.8112,-0.228
INTC,2023-04,Revenue,41.4509,-0.8317
INTC,2023-05,Revenue,40.9499,-0.8368
INTC,2023-06,Revenue,38.5007,-1.0751
INTC,2023-07,Revenue,35.9929,-1.295
INTC,2023-08,Revenue,36.6381,-1.1185
INTC,2023-09,Revenue,36.2156,-1.0958
INTC,2023-10,Revenue,35.273,-1.1388
INTC,2023-11,Revenue,28.8023,-1.8073
INTC,2023-12,Revenue,25.6212,-1.9769
INTC,2024-01,Revenue,29.8854,-1.338
INTC,2024-02,Revenue,29.9063,-1.255
INTC,2024-03,Revenue,28.0887,-1.3673
INTC,2024-04,Revenue,40.718,-0.0594
INTC,2024-05,Revenue,40.2165,-0.1081
INTC,2024-06,Revenue,40.0606,-0.1217
INTC,2024-07,Revenue,40.3604,-0.0885
INTC,2024-08,Revenue,56.2921,1.5877
INTC,2024-09,Revenue,52.8848,1.1468
INTC,2024-10,Revenue,57.6523,1.5905
INTC,2024-11,Revenue,51.5874,0.899
INTC,2024-12,Revenue,61.8792,1.9048
INTC,2025-01,Revenue,63.8537,1.9711
INTC,2025-02,Revenue,52.2831,0.7653
INTC,2025-03,Revenue,54.6313,0.9674
INTC,2025-04,Revenue,58.0464,1.2612
INTC,2025-05,Revenue,59.6794,1.3418
INTC,2025-06,Revenue,52.0863,0.5679
INTC,2025-07,Revenue,58.9259,1.1663
INTC,2025-08,Revenue,47.9151,0.1114
INTC,2025-09,Revenue,34.7759,-1.0752
INTC,2025-10,Revenue,29.1756,-1.5255
INTC,2025-11,Revenue,28.7656,-1.4666
INTC,2025-12,Revenue,31.6188,-1.1314
INTC,2026-01,Revenue,25.1072,-1.6351
INTC,2026-02,Revenue,25.5806,-1.489
INTC,2026-03,Revenue,26.4385,-1.3398
INTC,2026-04,Revenue,12.349,-2.4392
INTC,2026-05,Revenue,10.1738,-2.3698
INTC,2026-06,Revenue,8.3559,-2.2778
INTC,2026-07,Revenue,12.935,-1.7674
INTC,2026-08,Revenue,13.0347,-1.6498
INTC,2026-09,Revenue,11.3341,-1.6578
SPCX,2021-10,Revenue,,
SPCX,2021-11,Revenue,,
SPCX,2021-12,Revenue,,
SPCX,2022-01,Revenue,,
SPCX,2022-02,Revenue,,
SPCX,2022-03,Revenue,,
SPCX,2022-04,Revenue,,
SPCX,2022-05,Revenue,,
SPCX,2022-06,Revenue,,
SPCX,2022-07,Revenue,,
SPCX,2022-08,Revenue,,
SPCX,2022-09,Revenue,,
SPCX,2022-10,Revenue,,
SPCX,2022-11,Revenue,,
SPCX,2022-12,Revenue,,
SPCX,2023-01,Revenue,,
SPCX,2023-02,Revenue,,
SPCX,2023-03,Revenue,,
SPCX,2023-04,Revenue,,
SPCX,2023-05,Revenue,,
SPCX,2023-06,Revenue,,
SPCX,2023-07,Revenue,,
SPCX,2023-08,Revenue,,
SPCX,2023-09,Revenue,,
SPCX,2023-10,Revenue,,
SPCX,2023-11,Revenue,,
SPCX,2023-12,Revenue,,
SPCX,2024-01,Revenue,,
SPCX,2024-02,Revenue,,
SPCX,2024-03,Revenue,,
SPCX,2024-04,Revenue,,
SPCX,2024-05,Revenue,,
SPCX,2024-06,Revenue,,
SPCX,2024-07,Revenue,,
SPCX,2024-08,Revenue,,
SPCX,2024-09,Revenue,,
SPCX,2024-10,Revenue,,
SPCX,2024-11,Revenue,,
SPCX,2024-12,Revenue,,
SPCX,2025-01,Revenue,,
SPCX,2025-02,Revenue,,
SPCX,2025-03,Revenue,,
SPCX,2025-04,Revenue,,
SPCX,2025-05,Revenue,,
SPCX,2025-06,Revenue,,
SPCX,2025-07,Revenue,,
SPCX,2025-08,Revenue,,
SPCX,2025-09,Revenue,,
SPCX,2025-10,Revenue,,
SPCX,2025-11,Revenue,,
SPCX,2025-12,Revenue,,
SPCX,2026-01,Revenue,,
SPCX,2026-02,Revenue,,
SPCX,2026-03,Revenue,,
SPCX,2026-04,Revenue,,
SPCX,2026-05,Revenue,,
SPCX,2026-06,Revenue,1.1327,
SPCX,2026-07,Revenue,1.7859,
SPCX,2026-08,Revenue,1.3469,
SPCX,2026-09,Revenue,1.2799,
FCX,2021-10,FCF,,
FCX,2021-11,FCF,,
FCX,2021-12,FCF,,
FCX,2022-01,FCF,,
FCX,2022-02,FCF,,
FCX,2022-03,FCF,,
FCX,2022-04,FCF,2.8383,
FCX,2022-05,FCF,2.9451,
FCX,2022-06,FCF,3.9335,
FCX,2022-07,FCF,3.648,
FCX,2022-08,FCF,3.8883,
FCX,2022-09,FCF,4.2112,
FCX,2022-10,FCF,3.6318,0.1063
FCX,2022-11,FCF,2.8918,-1.46
FCX,2022-12,FCF,3.0288,-0.9396
FCX,2023-01,FCF,2.5794,-1.7551
FCX,2023-02,FCF,2.8092,-1.0271
FCX,2023-03,FCF,2.8133,-0.9277
FCX,2023-04,FCF,0.8317,-4.5955
FCX,2023-05,FCF,0.9182,-2.6206
FCX,2023-06,FCF,0.7883,-2.2022
FCX,2023-07,FCF,0.7062,-1.9256
FCX,2023-08,FCF,0.7901,-1.6076
FCX,2023-09,FCF,0.8456,-1.4071
FCX,2023-10,FCF,0.9334,-1.2268
FCX,2023-11,FCF,0.8449,-1.2203
FCX,2023-12,FCF,0.7407,-1.2299
FCX,2024-01,FCF,0.7944,-1.1172
FCX,2024-02,FCF,0.8339,-1.0309
FCX,2024-03,FCF,3.4617,1.064
FCX,2024-04,FCF,3.2593,0.8603
FCX,2024-05,FCF,3.0868,0.6956
FCX,2024-06,FCF,3.3491,0.8834
FCX,2024-07,FCF,3.5844,1.0417
FCX,2024-08,FCF,3.6759,1.0764
FCX,2024-09,FCF,3.2606,0.7079
FCX,2024-10,FCF,3.6155,0.974
FCX,2024-11,FCF,3.6825,0.9976
FCX,2024-12,FCF,4.2744,1.4411
FCX,2025-01,FCF,4.5403,1.5863
FCX,2025-02,FCF,4.4099,1.4072
FCX,2025-03,FCF,4.2992,1.2649
FCX,2025-04,FCF,2.1465,-0.4095
FCX,2025-05,FCF,2.0098,-0.4974
FCX,2025-06,FCF,1.7841,-0.6467
FCX,2025-07,FCF,1.9219,-0.502
FCX,2025-08,FCF,1.7419,-0.6062
FCX,2025-09,FCF,1.9719,-0.3889
FCX,2025-10,FCF,1.8546,-0.4423
FCX,2025-11,FCF,1.7994,-0.4519
FCX,2025-12,FCF,1.5227,-0.6493
FCX,2026-01,FCF,1.2841,-0.8063
FCX,2026-02,FCF,1.136,-0.889
FCX,2026-03,FCF,1.3157,-0.704
FCX,2026-04,FCF,1.3385,-0.6512
FCX,2026-05,FCF,1.177,-0.7968
FCX,2026-06,FCF,1.2297,-0.7645
FCX,2026-07,FCF,1.2349,-0.7775
FCX,2026-08,FCF,1.0211,-0.9729
FCX,2026-09,FCF,1.0882,-0.9287
SO,2021-10,FCF,,
SO,2021-11,FCF,,
SO,2021-12,FCF,,
SO,2022-01,FCF,,
SO,2022-02,FCF,,
SO,2022-03,FCF,,
SO,2022-04,FCF,-2.0433,
SO,2022-05,FCF,-1.982,
SO,2022-06,FCF,-2.1029,
SO,2022-07,FCF,-1.9503,
SO,2022-08,FCF,-1.9457,
SO,2022-09,FCF,-2.2052,
SO,2022-10,FCF,-2.2901,-2.7172
SO,2022-11,FCF,-2.217,-1.1605
SO,2022-12,FCF,-2.0999,-0.0633
SO,2023-01,FCF,-2.2157,-1.0464
SO,2023-02,FCF,-2.378,-2.3273
SO,2023-03,FCF,-2.1552,-0.1843
SO,2023-04,FCF,-1.9094,1.7012
SO,2023-05,FCF,-2.0134,0.7301
SO,2023-06,FCF,-1.9991,0.7955
SO,2023-07,FCF,-1.9413,1.1818
SO,2023-08,FCF,-2.0735,0.1254
SO,2023-09,FCF,-2.1699,-0.6092
SO,2023-10,FCF,-2.0867,0.056
SO,2023-11,FCF,-1.9785,0.9125
SO,2023-12,FCF,-2.0028,0.678
SO,2024-01,FCF,-2.0201,0.5148
SO,2024-02,FCF,-2.0883,-0.0606
SO,2024-03,FCF,1.0527,26.3425
SO,2024-04,FCF,1.0275,4.6754
SO,2024-05,FCF,0.9424,3.2464
SO,2024-06,FCF,0.9736,2.7167
SO,2024-07,FCF,0.9042,2.2995
SO,2024-08,FCF,0.8741,2.0453
SO,2024-09,FCF,0.8374,1.8492
SO,2024-10,FCF,0.8296,1.7165
SO,2024-11,FCF,0.8473,1.627
SO,2024-12,FCF,0.9174,1.5908
SO,2025-01,FCF,0.8996,1.4968
SO,2025-02,FCF,0.8411,1.3867
SO,2025-03,FCF,0.8213,1.3169
SO,2025-04,FCF,-2.8843,-1.3081
SO,2025-05,FCF,-2.9448,-1.3127
SO,2025-06,FCF,-2.8862,-1.2325
SO,2025-07,FCF,-2.8052,-1.1474
SO,2025-08,FCF,-2.8715,-1.16
SO,2025-09,FCF,-2.7966,-1.079
SO,2025-10,FCF,-2.8183,-1.0724
SO,2025-11,FCF,-2.9086,-1.1114
SO,2025-12,FCF,-3.0394,-1.1695
SO,2026-01,FCF,-2.9676,-1.0928
SO,2026-02,FCF,-2.7217,-0.9177
SO,2026-03,FCF,-2.7459,-0.9223
SO,2026-04,FCF,-2.7408,-0.9026
SO,2026-05,FCF,-2.8793,-0.9637
SO,2026-06,FCF,-2.7692,-0.8746
SO,2026-07,FCF,-2.8034,-0.8752
SO,2026-08,FCF,-3.0118,-0.9752
SO,2026-09,FCF,-3.0404,-0.9666
EQIX,2021-10,FCF,,
EQIX,2021-11,FCF,,
EQIX,2021-12,FCF,,
EQIX,2022-01,FCF,,
EQIX,2022-02,FCF,,
EQIX,2022-03,FCF,,
EQIX,2022-04,FCF,1.0374,
EQIX,2022-05,FCF,1.0857,
EQIX,2022-06,FCF,1.1354,
EQIX,2022-07,FCF,1.06,
EQIX,2022-08,FCF,1.1348,
EQIX,2022-09,FCF,1.3114,
EQIX,2022-10,FCF,1.3169,2.111
EQIX,2022-11,FCF,1.0801,-0.6999
EQIX,2022-12,FCF,1.1388,-0.0623
EQIX,2023-01,FCF,1.0106,-1.3857
EQIX,2023-02,FCF,1.0838,-0.4725
EQIX,2023-03,FCF,1.0346,-0.9571
EQIX,2023-04,FCF,0.6405,-4.9994
EQIX,2023-05,FCF,0.6221,-2.9269
EQIX,2023-06,FCF,0.5916,-2.3799
EQIX,2023-07,FCF,0.5726,-2.0459
EQIX,2023-08,FCF,0.5935,-1.6755
EQIX,2023-09,FCF,0.6386,-1.3245
EQIX,2023-10,FCF,0.6356,-1.2404
EQIX,2023-11,FCF,0.5691,-1.4214
EQIX,2023-12,FCF,0.5759,-1.2943
EQIX,2024-01,FCF,0.5589,-1.2793
EQIX,2024-02,FCF,0.5218,-1.344
EQIX,2024-03,FCF,0.2314,-2.3294
EQIX,2024-04,FCF,0.2686,-1.9338
EQIX,2024-05,FCF,0.2503,-1.8259
EQIX,2024-06,FCF,0.2524,-1.6791
EQIX,2024-07,FCF,0.2417,-1.6001
EQIX,2024-08,FCF,0.2289,-1.5413
EQIX,2024-09,FCF,0.2151,-1.4952
EQIX,2024-10,FCF,0.2103,-1.4318
EQIX,2024-11,FCF,0.1946,-1.4075
EQIX,2024-12,FCF,0.2025,-1.3227
EQIX,2025-01,FCF,0.209,-1.2518
EQIX,2025-02,FCF,0.2111,-1.2002
EQIX,2025-03,FCF,0.2342,-1.098
EQIX,2025-04,FCF,-0.4736,-2.9405
EQIX,2025-05,FCF,-0.4586,-2.5504
EQIX,2025-06,FCF,-0.5125,-2.4236
EQIX,2025-07,FCF,-0.5192,-2.2229
EQIX,2025-08,FCF,-0.5185,-2.0384
EQIX,2025-09,FCF,-0.5205,-1.8984
EQIX,2025-10,FCF,-0.4819,-1.7188
EQIX,2025-11,FCF,-0.5411,-1.7662
EQIX,2025-12,FCF,-0.5321,-1.6474
EQIX,2026-01,FCF,-0.4966,-1.4958
EQIX,2026-02,FCF,-0.4184,-1.2589
EQIX,2026-03,FCF,-0.4159,-1.2047
EQIX,2026-04,FCF,-0.3765,-1.0712
EQIX,2026-05,FCF,-0.3817,-1.0262
EQIX,2026-06,FCF,-0.3911,-0.9933
EQIX,2026-07,FCF,-0.3999,-0.9609
EQIX,2026-08,FCF,-0.3895,-0.885
EQIX,2026-09,FCF,-0.3928,-0.8452
